-- phpMyAdmin SQL Dump
-- version 5.2.2
-- https://www.phpmyadmin.net/
--
-- Host: localhost:3306
-- Generation Time: Feb 09, 2026 at 11:58 AM
-- Server version: 8.0.44-cll-lve
-- PHP Version: 8.4.17

SET SQL_MODE = "NO_AUTO_VALUE_ON_ZERO";
START TRANSACTION;
SET time_zone = "+00:00";


/*!40101 SET @OLD_CHARACTER_SET_CLIENT=@@CHARACTER_SET_CLIENT */;
/*!40101 SET @OLD_CHARACTER_SET_RESULTS=@@CHARACTER_SET_RESULTS */;
/*!40101 SET @OLD_COLLATION_CONNECTION=@@COLLATION_CONNECTION */;
/*!40101 SET NAMES utf8mb4 */;

--
-- Database: `p601229_hotels`
--

DELIMITER $$
--
-- Functions
--
$$

$$

DELIMITER ;

-- --------------------------------------------------------

--
-- Table structure for table `about_us`
--

CREATE TABLE `about_us` (
  `id` int NOT NULL,
  `section_type` varchar(50) COLLATE utf8mb4_unicode_ci NOT NULL COMMENT 'main, feature, stat',
  `title` varchar(255) COLLATE utf8mb4_unicode_ci DEFAULT NULL,
  `subtitle` varchar(255) COLLATE utf8mb4_unicode_ci DEFAULT NULL,
  `content` text COLLATE utf8mb4_unicode_ci,
  `image_url` varchar(500) COLLATE utf8mb4_unicode_ci DEFAULT NULL,
  `icon_class` varchar(100) COLLATE utf8mb4_unicode_ci DEFAULT NULL,
  `stat_number` varchar(50) COLLATE utf8mb4_unicode_ci DEFAULT NULL,
  `stat_label` varchar(100) COLLATE utf8mb4_unicode_ci DEFAULT NULL,
  `display_order` int DEFAULT '0',
  `is_active` tinyint(1) DEFAULT '1',
  `created_at` timestamp NULL DEFAULT CURRENT_TIMESTAMP,
  `updated_at` timestamp NULL DEFAULT CURRENT_TIMESTAMP ON UPDATE CURRENT_TIMESTAMP
) ENGINE=InnoDB DEFAULT CHARSET=utf8mb4 COLLATE=utf8mb4_unicode_ci;

--
-- Dumping data for table `about_us`
--

INSERT INTO `about_us` (`id`, `section_type`, `title`, `subtitle`, `content`, `image_url`, `icon_class`, `stat_number`, `stat_label`, `display_order`, `is_active`, `created_at`, `updated_at`) VALUES
(1, 'main', 'Welcome to Liwonde Sun Hotel', 'Our Story', 'Located in the heart of Malawi, Liwonde Sun Hotel offers comfortable and affordable accommodation for travelers. We provide clean rooms, friendly service, and good value for money. Our hotel is perfect for budget-conscious travelers who want a pleasant stay without breaking the bank.', 'images/hotel_gallery/Outside2.png', NULL, NULL, NULL, 1, 1, '2026-01-26 11:46:36', '2026-02-07 02:40:52'),
(2, 'feature', 'Friendly Service', NULL, 'Our staff is dedicated to making your stay comfortable and pleasant', NULL, 'fas fa-award', NULL, NULL, 1, 1, '2026-01-26 11:46:36', '2026-02-07 02:40:52'),
(3, 'feature', 'Great Location', NULL, 'Conveniently located near Liwonde National Park and local attractions', NULL, 'fas fa-leaf', NULL, NULL, 2, 1, '2026-01-26 11:46:36', '2026-02-07 02:40:52'),
(4, 'feature', 'Comfortable Rooms', NULL, 'Clean and well-maintained rooms for a good night\'s rest', NULL, 'fas fa-heart', NULL, NULL, 3, 1, '2026-01-26 11:46:36', '2026-02-07 02:40:52'),
(5, 'feature', 'Good Value', NULL, 'Affordable rates with everything you need for a comfortable stay', NULL, 'fas fa-star', NULL, NULL, 4, 1, '2026-01-26 11:46:36', '2026-02-07 02:40:52'),
(6, 'stat', NULL, NULL, NULL, NULL, NULL, '10+', 'Years Serving Guests', 1, 1, '2026-01-26 11:46:36', '2026-02-07 02:40:52'),
(7, 'stat', NULL, NULL, NULL, NULL, NULL, '95%', 'Guest Satisfaction', 2, 1, '2026-01-26 11:46:36', '2026-02-07 02:40:52'),
(8, 'stat', NULL, NULL, NULL, NULL, NULL, '50+', 'Awards Won', 3, 0, '2026-01-26 11:46:36', '2026-01-26 13:24:21'),
(9, 'stat', NULL, NULL, NULL, NULL, NULL, '10k+', 'Happy Guests', 4, 1, '2026-01-26 11:46:36', '2026-01-26 11:46:36');

-- --------------------------------------------------------

--
-- Table structure for table `admin_activity_log`
--

CREATE TABLE `admin_activity_log` (
  `id` int UNSIGNED NOT NULL,
  `user_id` int UNSIGNED DEFAULT NULL,
  `username` varchar(100) DEFAULT NULL,
  `action` varchar(50) NOT NULL,
  `details` text,
  `ip_address` varchar(45) DEFAULT NULL,
  `user_agent` varchar(500) DEFAULT NULL,
  `created_at` timestamp NULL DEFAULT CURRENT_TIMESTAMP
) ENGINE=InnoDB DEFAULT CHARSET=utf8mb4 COLLATE=utf8mb4_0900_ai_ci;

--
-- Dumping data for table `admin_activity_log`
--

INSERT INTO `admin_activity_log` (`id`, `user_id`, `username`, `action`, `details`, `ip_address`, `user_agent`, `created_at`) VALUES
(1, 2, 'receptionist', 'login_success', 'Role: receptionist', '::1', 'Mozilla/5.0 (Windows NT 10.0; Win64; x64) AppleWebKit/537.36 (KHTML, like Gecko) Chrome/144.0.0.0 Safari/537.36', '2026-02-07 13:34:41'),
(2, 2, 'receptionist', 'logout', 'User logged out', '::1', 'Mozilla/5.0 (Windows NT 10.0; Win64; x64) AppleWebKit/537.36 (KHTML, like Gecko) Chrome/144.0.0.0 Safari/537.36', '2026-02-07 13:35:28'),
(3, 1, 'admin', 'login_success', 'Role: admin', '::1', 'Mozilla/5.0 (Windows NT 10.0; Win64; x64) AppleWebKit/537.36 (KHTML, like Gecko) Chrome/144.0.0.0 Safari/537.36', '2026-02-07 13:38:34'),
(4, 2, 'receptionist', 'login_success', 'Role: receptionist', '51.37.179.253', 'Mozilla/5.0 (Linux; Android 10; K) AppleWebKit/537.36 (KHTML, like Gecko) Chrome/144.0.0.0 Mobile Safari/537.36', '2026-02-07 13:45:29'),
(5, 2, 'receptionist', 'logout', 'User logged out', '51.37.179.253', 'Mozilla/5.0 (Linux; Android 10; K) AppleWebKit/537.36 (KHTML, like Gecko) Chrome/144.0.0.0 Mobile Safari/537.36', '2026-02-07 13:46:02'),
(6, 1, 'admin', 'login_success', 'Role: admin', '51.37.179.253', 'Mozilla/5.0 (Linux; Android 10; K) AppleWebKit/537.36 (KHTML, like Gecko) Chrome/144.0.0.0 Mobile Safari/537.36', '2026-02-07 13:46:23'),
(7, 2, 'receptionist', 'logout', 'User logged out', '::1', 'Mozilla/5.0 (Windows NT 10.0; Win64; x64) AppleWebKit/537.36 (KHTML, like Gecko) Chrome/144.0.0.0 Safari/537.36', '2026-02-07 14:07:00'),
(8, 1, 'admin', 'login_success', 'Role: admin', '::1', 'Mozilla/5.0 (Windows NT 10.0; Win64; x64) AppleWebKit/537.36 (KHTML, like Gecko) Chrome/144.0.0.0 Safari/537.36', '2026-02-07 14:07:10'),
(9, 1, 'admin', 'login_success', 'Role: admin', '51.37.179.253', 'Mozilla/5.0 (Windows NT 10.0; Win64; x64) AppleWebKit/537.36 (KHTML, like Gecko) Chrome/144.0.0.0 Safari/537.36', '2026-02-07 18:44:39'),
(10, 1, 'admin', 'login_success', 'Role: admin', '51.37.179.253', 'Mozilla/5.0 (Windows NT 10.0; Win64; x64) AppleWebKit/537.36 (KHTML, like Gecko) Chrome/144.0.0.0 Safari/537.36', '2026-02-07 22:35:49'),
(11, 1, 'admin', 'login_success', 'Role: admin', '51.37.179.253', 'Mozilla/5.0 (Linux; Android 10; K) AppleWebKit/537.36 (KHTML, like Gecko) Chrome/144.0.0.0 Mobile Safari/537.36', '2026-02-08 19:10:10'),
(12, 1, 'admin', 'login_success', 'Role: admin', '::1', 'Mozilla/5.0 (Windows NT 10.0; Win64; x64) AppleWebKit/537.36 (KHTML, like Gecko) Chrome/144.0.0.0 Safari/537.36', '2026-02-09 10:30:03');

-- --------------------------------------------------------

--
-- Table structure for table `admin_users`
--

CREATE TABLE `admin_users` (
  `id` int UNSIGNED NOT NULL,
  `username` varchar(100) CHARACTER SET utf8mb4 COLLATE utf8mb4_unicode_ci NOT NULL,
  `email` varchar(255) CHARACTER SET utf8mb4 COLLATE utf8mb4_unicode_ci NOT NULL,
  `password_hash` varchar(255) CHARACTER SET utf8mb4 COLLATE utf8mb4_unicode_ci NOT NULL,
  `full_name` varchar(255) CHARACTER SET utf8mb4 COLLATE utf8mb4_unicode_ci NOT NULL,
  `role` enum('admin','receptionist','manager') CHARACTER SET utf8mb4 COLLATE utf8mb4_unicode_ci NOT NULL DEFAULT 'receptionist',
  `is_active` tinyint(1) NOT NULL DEFAULT '1',
  `last_login` timestamp NULL DEFAULT NULL,
  `created_at` timestamp NOT NULL DEFAULT CURRENT_TIMESTAMP,
  `updated_at` timestamp NOT NULL DEFAULT CURRENT_TIMESTAMP ON UPDATE CURRENT_TIMESTAMP,
  `failed_login_attempts` int DEFAULT '0'
) ENGINE=InnoDB DEFAULT CHARSET=utf8mb4 COLLATE=utf8mb4_unicode_ci;

--
-- Dumping data for table `admin_users`
--

INSERT INTO `admin_users` (`id`, `username`, `email`, `password_hash`, `full_name`, `role`, `is_active`, `last_login`, `created_at`, `updated_at`, `failed_login_attempts`) VALUES
(1, 'admin', 'johnpaulchirwa@gmail.com', '$2y$10$OFHlFcgoqltOd7X6Z3IqVeg0961Adk9LxyfW8UBBfENSawMRZ3fF6', 'System Administrator', 'admin', 1, '2026-02-09 10:30:03', '2026-01-20 19:08:40', '2026-02-09 10:30:03', 0),
(2, 'receptionist', 'reception@liwondesunhotel.com', '$2y$10$OFHlFcgoqltOd7X6Z3IqVeg0961Adk9LxyfW8UBBfENSawMRZ3fF6', 'Front Desk', 'receptionist', 1, '2026-02-07 13:45:29', '2026-01-20 19:08:40', '2026-02-07 13:45:29', 0);

-- --------------------------------------------------------

--
-- Table structure for table `api_keys`
--

CREATE TABLE `api_keys` (
  `id` int UNSIGNED NOT NULL,
  `api_key` varchar(64) CHARACTER SET utf8mb4 COLLATE utf8mb4_unicode_ci NOT NULL COMMENT 'Hashed API key',
  `client_name` varchar(255) CHARACTER SET utf8mb4 COLLATE utf8mb4_unicode_ci NOT NULL COMMENT 'Name of the client/website using the API',
  `client_website` varchar(255) CHARACTER SET utf8mb4 COLLATE utf8mb4_unicode_ci DEFAULT NULL COMMENT 'Website URL of the client',
  `client_email` varchar(255) CHARACTER SET utf8mb4 COLLATE utf8mb4_unicode_ci NOT NULL COMMENT 'Contact email for the client',
  `permissions` text CHARACTER SET utf8mb4 COLLATE utf8mb4_unicode_ci COMMENT 'JSON array of permissions: ["rooms.read", "availability.check", "bookings.create", "bookings.read"]',
  `rate_limit_per_hour` int NOT NULL DEFAULT '100' COMMENT 'Maximum API calls per hour',
  `is_active` tinyint(1) NOT NULL DEFAULT '1' COMMENT 'Whether the API key is active',
  `last_used_at` timestamp NULL DEFAULT NULL COMMENT 'Last time the API key was used',
  `usage_count` int UNSIGNED NOT NULL DEFAULT '0' COMMENT 'Total number of API calls made',
  `created_at` timestamp NOT NULL DEFAULT CURRENT_TIMESTAMP,
  `updated_at` timestamp NOT NULL DEFAULT CURRENT_TIMESTAMP ON UPDATE CURRENT_TIMESTAMP
) ENGINE=InnoDB DEFAULT CHARSET=utf8mb4 COLLATE=utf8mb4_unicode_ci COMMENT='API keys for external booking system access';

--
-- Dumping data for table `api_keys`
--

INSERT INTO `api_keys` (`id`, `api_key`, `client_name`, `client_website`, `client_email`, `permissions`, `rate_limit_per_hour`, `is_active`, `last_used_at`, `usage_count`, `created_at`, `updated_at`) VALUES
(1, '$2y$10$3SV7ph3x7/ttZKUx3rvf8.tVLy6.OaifO3tcYfCeTRV7eSPa3PPX6', 'Test Client', 'https://promanaged-it.com', 'test@example.com', '[\"rooms.read\", \"availability.check\", \"bookings.create\", \"bookings.read\"]', 1000, 1, '2026-01-28 23:42:38', 3, '2026-01-27 13:30:53', '2026-01-28 23:48:54');

-- --------------------------------------------------------

--
-- Table structure for table `api_usage_logs`
--

CREATE TABLE `api_usage_logs` (
  `id` int UNSIGNED NOT NULL,
  `api_key_id` int UNSIGNED NOT NULL,
  `endpoint` varchar(255) CHARACTER SET utf8mb4 COLLATE utf8mb4_unicode_ci NOT NULL COMMENT 'API endpoint called',
  `method` varchar(10) CHARACTER SET utf8mb4 COLLATE utf8mb4_unicode_ci NOT NULL COMMENT 'HTTP method',
  `ip_address` varchar(45) CHARACTER SET utf8mb4 COLLATE utf8mb4_unicode_ci DEFAULT NULL COMMENT 'Client IP address',
  `user_agent` text CHARACTER SET utf8mb4 COLLATE utf8mb4_unicode_ci COMMENT 'Client user agent',
  `response_code` int NOT NULL COMMENT 'HTTP response code',
  `response_time` decimal(10,4) NOT NULL COMMENT 'Response time in seconds',
  `created_at` timestamp NOT NULL DEFAULT CURRENT_TIMESTAMP
) ENGINE=InnoDB DEFAULT CHARSET=utf8mb4 COLLATE=utf8mb4_unicode_ci COMMENT='Log of API usage for monitoring and analytics';

-- --------------------------------------------------------

--
-- Table structure for table `bookings`
--

CREATE TABLE `bookings` (
  `id` int UNSIGNED NOT NULL,
  `booking_reference` varchar(20) CHARACTER SET utf8mb4 COLLATE utf8mb4_unicode_ci NOT NULL,
  `room_id` int UNSIGNED NOT NULL,
  `guest_name` varchar(255) CHARACTER SET utf8mb4 COLLATE utf8mb4_unicode_ci NOT NULL,
  `guest_email` varchar(255) CHARACTER SET utf8mb4 COLLATE utf8mb4_unicode_ci NOT NULL,
  `guest_phone` varchar(50) CHARACTER SET utf8mb4 COLLATE utf8mb4_unicode_ci NOT NULL,
  `guest_country` varchar(100) CHARACTER SET utf8mb4 COLLATE utf8mb4_unicode_ci DEFAULT NULL,
  `guest_address` text CHARACTER SET utf8mb4 COLLATE utf8mb4_unicode_ci,
  `number_of_guests` int NOT NULL DEFAULT '1',
  `check_in_date` date NOT NULL,
  `check_out_date` date NOT NULL,
  `number_of_nights` int NOT NULL,
  `total_amount` decimal(10,2) NOT NULL,
  `amount_paid` decimal(10,2) NOT NULL DEFAULT '0.00' COMMENT 'Total amount paid so far',
  `amount_due` decimal(10,2) NOT NULL DEFAULT '0.00' COMMENT 'Remaining amount to be paid',
  `vat_rate` decimal(5,2) NOT NULL DEFAULT '0.00' COMMENT 'VAT rate applied',
  `vat_amount` decimal(10,2) NOT NULL DEFAULT '0.00' COMMENT 'VAT amount',
  `total_with_vat` decimal(10,2) NOT NULL DEFAULT '0.00' COMMENT 'Total amount including VAT',
  `last_payment_date` date DEFAULT NULL COMMENT 'Date of last payment',
  `special_requests` text CHARACTER SET utf8mb4 COLLATE utf8mb4_unicode_ci,
  `status` enum('pending','tentative','confirmed','checked-in','checked-out','cancelled','expired','no-show') COLLATE utf8mb4_unicode_ci NOT NULL DEFAULT 'pending',
  `is_tentative` tinyint(1) NOT NULL DEFAULT '0' COMMENT 'Whether this is a tentative booking',
  `tentative_expires_at` datetime DEFAULT NULL COMMENT 'When tentative booking expires',
  `deposit_required` tinyint(1) NOT NULL DEFAULT '0' COMMENT 'Whether deposit is required',
  `deposit_amount` decimal(10,2) DEFAULT NULL COMMENT 'Required deposit amount',
  `deposit_paid` tinyint(1) NOT NULL DEFAULT '0' COMMENT 'Whether deposit has been paid',
  `deposit_paid_at` datetime DEFAULT NULL COMMENT 'When deposit was paid',
  `reminder_sent` tinyint(1) NOT NULL DEFAULT '0' COMMENT 'Expiration reminder sent',
  `reminder_sent_at` datetime DEFAULT NULL COMMENT 'When reminder was sent',
  `converted_to_confirmed_at` datetime DEFAULT NULL COMMENT 'When converted to confirmed',
  `expired_at` datetime DEFAULT NULL COMMENT 'When booking expired',
  `tentative_notes` text COLLATE utf8mb4_unicode_ci COMMENT 'Notes about tentative booking',
  `payment_status` enum('unpaid','partial','paid') CHARACTER SET utf8mb4 COLLATE utf8mb4_unicode_ci NOT NULL DEFAULT 'unpaid',
  `payment_amount` decimal(10,2) DEFAULT '0.00',
  `payment_date` date DEFAULT NULL,
  `created_at` timestamp NOT NULL DEFAULT CURRENT_TIMESTAMP,
  `updated_at` timestamp NOT NULL DEFAULT CURRENT_TIMESTAMP ON UPDATE CURRENT_TIMESTAMP,
  `expires_at` datetime DEFAULT NULL COMMENT 'When tentative booking expires (NULL for non-tentative bookings)',
  `converted_from_tentative` tinyint(1) DEFAULT '0' COMMENT 'Whether this booking was converted from tentative status (1=yes, 0=no)',
  `occupancy_type` enum('single','double','triple') COLLATE utf8mb4_unicode_ci DEFAULT 'double' COMMENT 'Occupancy type for pricing'
) ENGINE=InnoDB DEFAULT CHARSET=utf8mb4 COLLATE=utf8mb4_unicode_ci;

--
-- Dumping data for table `bookings`
--

INSERT INTO `bookings` (`id`, `booking_reference`, `room_id`, `guest_name`, `guest_email`, `guest_phone`, `guest_country`, `guest_address`, `number_of_guests`, `check_in_date`, `check_out_date`, `number_of_nights`, `total_amount`, `amount_paid`, `amount_due`, `vat_rate`, `vat_amount`, `total_with_vat`, `last_payment_date`, `special_requests`, `status`, `is_tentative`, `tentative_expires_at`, `deposit_required`, `deposit_amount`, `deposit_paid`, `deposit_paid_at`, `reminder_sent`, `reminder_sent_at`, `converted_to_confirmed_at`, `expired_at`, `tentative_notes`, `payment_status`, `payment_amount`, `payment_date`, `created_at`, `updated_at`, `expires_at`, `converted_from_tentative`, `occupancy_type`) VALUES
(26, 'LSH20262435', 4, 'JOHN-PAUL CHIRWA', 'johnpaulchirwa@gmail.com', '0860081635', 'Ireland', '10 Lois na Coille\r\nBallykilmurray, Tullamore', 2, '2026-02-08', '2026-02-11', 3, 405000.00, 471825.00, 0.00, 16.50, 66825.00, 471825.00, '2026-02-07', '', 'checked-in', 0, '2026-02-07 17:02:29', 0, NULL, 0, NULL, 0, NULL, NULL, NULL, NULL, 'paid', 0.00, NULL, '2026-02-05 14:05:05', '2026-02-08 19:10:31', NULL, 0, 'double'),
(27, 'LSH20262851', 5, 'JOHN-PAUL CHIRWA', 'johnpaulchirwa@gmail.com', '0860081635', 'Ireland', '10 Lois na Coille\r\nBallykilmurray, Tullamore', 2, '2026-02-11', '2026-02-19', 8, 920000.00, 1071800.00, 0.00, 16.50, 151800.00, 1071800.00, '2026-02-07', '', 'confirmed', 0, NULL, 0, NULL, 0, NULL, 0, NULL, NULL, NULL, NULL, 'paid', 0.00, NULL, '2026-02-07 00:19:44', '2026-02-07 00:22:33', NULL, 0, 'double'),
(28, 'LSH20264267', 2, 'JOHN-PAUL CHIRWA', 'johnpaulchirwa@gmail.com', '0860081635', 'Ireland', '10 Lois na Coille\r\nBallykilmurray, Tullamore', 2, '2026-02-09', '2026-02-13', 4, 660000.00, 0.00, 0.00, 0.00, 0.00, 0.00, NULL, '', 'pending', 0, NULL, 0, NULL, 0, NULL, 0, NULL, NULL, NULL, NULL, 'unpaid', 0.00, NULL, '2026-02-08 00:36:43', '2026-02-08 00:36:43', NULL, 0, 'double');

-- --------------------------------------------------------

--
-- Table structure for table `booking_notes`
--

CREATE TABLE `booking_notes` (
  `id` int UNSIGNED NOT NULL,
  `booking_id` int UNSIGNED NOT NULL,
  `note_text` text CHARACTER SET utf8mb4 COLLATE utf8mb4_unicode_ci NOT NULL,
  `created_by` int UNSIGNED DEFAULT NULL,
  `created_at` timestamp NOT NULL DEFAULT CURRENT_TIMESTAMP
) ENGINE=InnoDB DEFAULT CHARSET=utf8mb4 COLLATE=utf8mb4_unicode_ci;

--
-- Dumping data for table `booking_notes`
--

INSERT INTO `booking_notes` (`id`, `booking_id`, `note_text`, `created_by`, `created_at`) VALUES
(1, 27, 'Test', 2, '2026-02-07 00:22:22');

-- --------------------------------------------------------

--
-- Table structure for table `cancellation_log`
--

CREATE TABLE `cancellation_log` (
  `id` int NOT NULL,
  `booking_id` int NOT NULL,
  `booking_reference` varchar(50) COLLATE utf8mb4_unicode_ci NOT NULL,
  `booking_type` enum('room','conference') COLLATE utf8mb4_unicode_ci NOT NULL DEFAULT 'room',
  `guest_email` varchar(255) COLLATE utf8mb4_unicode_ci DEFAULT NULL,
  `cancellation_date` datetime NOT NULL DEFAULT CURRENT_TIMESTAMP,
  `cancelled_by` int NOT NULL,
  `cancellation_reason` text COLLATE utf8mb4_unicode_ci,
  `email_sent` tinyint(1) DEFAULT '0',
  `email_status` varchar(50) COLLATE utf8mb4_unicode_ci DEFAULT NULL,
  `created_at` timestamp NOT NULL DEFAULT CURRENT_TIMESTAMP
) ENGINE=InnoDB DEFAULT CHARSET=utf8mb4 COLLATE=utf8mb4_unicode_ci COMMENT='Audit log for all booking cancellations with email tracking';

-- --------------------------------------------------------

--
-- Table structure for table `conference_inquiries`
--

CREATE TABLE `conference_inquiries` (
  `id` int NOT NULL,
  `inquiry_reference` varchar(50) CHARACTER SET utf8mb4 COLLATE utf8mb4_unicode_ci NOT NULL,
  `conference_room_id` int NOT NULL,
  `company_name` varchar(200) CHARACTER SET utf8mb4 COLLATE utf8mb4_unicode_ci NOT NULL,
  `contact_person` varchar(100) CHARACTER SET utf8mb4 COLLATE utf8mb4_unicode_ci NOT NULL,
  `email` varchar(100) CHARACTER SET utf8mb4 COLLATE utf8mb4_unicode_ci NOT NULL,
  `phone` varchar(20) CHARACTER SET utf8mb4 COLLATE utf8mb4_unicode_ci NOT NULL,
  `event_date` date NOT NULL,
  `start_time` time NOT NULL,
  `end_time` time NOT NULL,
  `number_of_attendees` int NOT NULL,
  `event_type` varchar(100) CHARACTER SET utf8mb4 COLLATE utf8mb4_unicode_ci DEFAULT NULL,
  `special_requirements` text CHARACTER SET utf8mb4 COLLATE utf8mb4_unicode_ci,
  `catering_required` tinyint(1) DEFAULT '0',
  `av_equipment` text CHARACTER SET utf8mb4 COLLATE utf8mb4_unicode_ci,
  `status` enum('pending','confirmed','cancelled','completed') CHARACTER SET utf8mb4 COLLATE utf8mb4_unicode_ci DEFAULT 'pending',
  `total_amount` decimal(10,2) DEFAULT NULL,
  `amount_paid` decimal(10,2) NOT NULL DEFAULT '0.00' COMMENT 'Total amount paid so far',
  `amount_due` decimal(10,2) NOT NULL DEFAULT '0.00' COMMENT 'Remaining amount to be paid',
  `vat_rate` decimal(5,2) NOT NULL DEFAULT '0.00' COMMENT 'VAT rate applied',
  `vat_amount` decimal(10,2) NOT NULL DEFAULT '0.00' COMMENT 'VAT amount',
  `total_with_vat` decimal(10,2) NOT NULL DEFAULT '0.00' COMMENT 'Total amount including VAT',
  `last_payment_date` date DEFAULT NULL COMMENT 'Date of last payment',
  `deposit_required` tinyint(1) NOT NULL DEFAULT '0' COMMENT 'Whether deposit is required',
  `deposit_amount` decimal(10,2) DEFAULT NULL COMMENT 'Required deposit amount',
  `deposit_paid` tinyint(1) NOT NULL DEFAULT '0' COMMENT 'Whether deposit has been paid',
  `payment_status` enum('pending','deposit_paid','full_paid','refunded') COLLATE utf8mb4_unicode_ci DEFAULT 'pending',
  `total_paid` decimal(10,2) DEFAULT '0.00',
  `notes` text CHARACTER SET utf8mb4 COLLATE utf8mb4_unicode_ci,
  `created_at` timestamp NULL DEFAULT CURRENT_TIMESTAMP,
  `updated_at` timestamp NULL DEFAULT CURRENT_TIMESTAMP ON UPDATE CURRENT_TIMESTAMP
) ENGINE=InnoDB DEFAULT CHARSET=utf8mb4 COLLATE=utf8mb4_unicode_ci;

-- --------------------------------------------------------

--
-- Table structure for table `conference_rooms`
--

CREATE TABLE `conference_rooms` (
  `id` int NOT NULL,
  `name` varchar(100) CHARACTER SET utf8mb4 COLLATE utf8mb4_unicode_ci NOT NULL,
  `description` text CHARACTER SET utf8mb4 COLLATE utf8mb4_unicode_ci NOT NULL,
  `capacity` int NOT NULL,
  `size_sqm` decimal(10,2) DEFAULT NULL,
  `daily_rate` decimal(10,2) NOT NULL,
  `amenities` text CHARACTER SET utf8mb4 COLLATE utf8mb4_unicode_ci,
  `image_path` varchar(255) CHARACTER SET utf8mb4 COLLATE utf8mb4_unicode_ci DEFAULT NULL,
  `is_active` tinyint(1) DEFAULT '1',
  `display_order` int DEFAULT '0',
  `created_at` timestamp NULL DEFAULT CURRENT_TIMESTAMP,
  `updated_at` timestamp NULL DEFAULT CURRENT_TIMESTAMP ON UPDATE CURRENT_TIMESTAMP
) ENGINE=InnoDB DEFAULT CHARSET=utf8mb4 COLLATE=utf8mb4_unicode_ci;

--
-- Dumping data for table `conference_rooms`
--

INSERT INTO `conference_rooms` (`id`, `name`, `description`, `capacity`, `size_sqm`, `daily_rate`, `amenities`, `image_path`, `is_active`, `display_order`, `created_at`, `updated_at`) VALUES
(1, 'Njobvu Room', 'Large conference space for seminars, workshops, and corporate events. Can be divided for smaller groups.', 250, 35.00, 400000.00, 'Video Conferencing, Smart TV, Whiteboard, High-Speed WiFi, Coffee Service, Sweets, Projector hire', 'images/conference/Conference_Room1.jpeg', 1, 1, '2026-01-20 22:35:58', '2026-02-09 11:44:39'),
(2, 'Kasupe Room', 'Small meeting room suitable for business meetings and presentations. Includes basic presentation equipment.', 120, 200.00, 200000.00, 'Stage & Podium, Professional Sound System, Projection Screen, WiFi, Air Conditioning, Breakout Rooms', 'images/conference/kasupe.jpeg', 1, 2, '2026-01-20 22:35:58', '2026-02-09 11:46:36'),
(3, 'Gwape Room', 'Meeting room with nice views. Good for training sessions and medium-sized gatherings.', 30, 60.00, 150000.00, 'Projector & Screen, Video Conferencing, Whiteboard, WiFi, Lake View, Terrace Access', 'images/conference/lakeside-room.jpg', 1, 3, '2026-01-20 22:35:58', '2026-02-09 11:46:41');

-- --------------------------------------------------------

--
-- Table structure for table `cookie_consent_log`
--

CREATE TABLE `cookie_consent_log` (
  `id` int UNSIGNED NOT NULL,
  `ip_address` varchar(45) COLLATE utf8mb4_unicode_ci NOT NULL,
  `user_agent` varchar(500) COLLATE utf8mb4_unicode_ci DEFAULT NULL,
  `consent_level` enum('all','essential','declined') COLLATE utf8mb4_unicode_ci NOT NULL,
  `created_at` timestamp NULL DEFAULT CURRENT_TIMESTAMP
) ENGINE=InnoDB DEFAULT CHARSET=utf8mb4 COLLATE=utf8mb4_unicode_ci;

--
-- Dumping data for table `cookie_consent_log`
--

INSERT INTO `cookie_consent_log` (`id`, `ip_address`, `user_agent`, `consent_level`, `created_at`) VALUES
(1, '::1', 'Mozilla/5.0 (Windows NT 10.0; Win64; x64) AppleWebKit/537.36 (KHTML, like Gecko) Chrome/144.0.0.0 Safari/537.36', 'all', '2026-02-09 10:14:29'),
(2, '::1', 'Mozilla/5.0 (Windows NT 10.0; Win64; x64) AppleWebKit/537.36 (KHTML, like Gecko) Chrome/144.0.0.0 Safari/537.36', 'all', '2026-02-09 10:21:31'),
(3, '::1', 'Mozilla/5.0 (Windows NT 10.0; Win64; x64) AppleWebKit/537.36 (KHTML, like Gecko) Chrome/144.0.0.0 Safari/537.36', 'all', '2026-02-09 11:51:54');

-- --------------------------------------------------------

--
-- Table structure for table `drink_menu`
--

CREATE TABLE `drink_menu` (
  `id` int NOT NULL,
  `category` varchar(100) CHARACTER SET utf8mb4 COLLATE utf8mb4_unicode_ci NOT NULL COMMENT 'Coffee, Wine, Cocktails, Beer, Non-Alcoholic, etc.',
  `item_name` varchar(200) CHARACTER SET utf8mb4 COLLATE utf8mb4_unicode_ci NOT NULL,
  `description` text CHARACTER SET utf8mb4 COLLATE utf8mb4_unicode_ci,
  `price` decimal(10,2) NOT NULL,
  `currency_code` varchar(10) CHARACTER SET utf8mb4 COLLATE utf8mb4_unicode_ci DEFAULT 'MWK',
  `image_path` varchar(255) CHARACTER SET utf8mb4 COLLATE utf8mb4_unicode_ci DEFAULT NULL,
  `is_available` tinyint(1) DEFAULT '1',
  `is_featured` tinyint(1) DEFAULT '0' COMMENT 'Featured items shown prominently',
  `tags` varchar(255) CHARACTER SET utf8mb4 COLLATE utf8mb4_unicode_ci DEFAULT NULL COMMENT 'Comma-separated tags',
  `display_order` int DEFAULT '0',
  `created_at` timestamp NOT NULL DEFAULT CURRENT_TIMESTAMP,
  `updated_at` timestamp NOT NULL DEFAULT CURRENT_TIMESTAMP ON UPDATE CURRENT_TIMESTAMP
) ENGINE=InnoDB DEFAULT CHARSET=utf8mb4 COLLATE=utf8mb4_unicode_ci;

--
-- Dumping data for table `drink_menu`
--

INSERT INTO `drink_menu` (`id`, `category`, `item_name`, `description`, `price`, `currency_code`, `image_path`, `is_available`, `is_featured`, `tags`, `display_order`, `created_at`, `updated_at`) VALUES
(76, 'Non-Alcoholic', 'Lime Cordial', 'Refreshing lime cordial', 1500.00, 'MWK', NULL, 1, 0, NULL, 1, '2026-02-05 11:59:22', '2026-02-05 11:59:22'),
(77, 'Non-Alcoholic', 'Coke/Fanta Can', 'Soft drink can', 6000.00, 'MWK', NULL, 1, 0, NULL, 2, '2026-02-05 11:59:22', '2026-02-05 11:59:22'),
(78, 'Non-Alcoholic', 'Bottled Water', 'Pure bottled water', 2000.00, 'MWK', NULL, 1, 1, NULL, 3, '2026-02-05 11:59:22', '2026-02-05 11:59:22'),
(79, 'Non-Alcoholic', 'Mineral Drinks', 'Premium mineral water', 2000.00, 'MWK', NULL, 1, 0, NULL, 4, '2026-02-05 11:59:22', '2026-02-05 11:59:22'),
(80, 'Non-Alcoholic', 'Ginger Ale', 'Classic ginger ale', 5500.00, 'MWK', NULL, 1, 0, NULL, 5, '2026-02-05 11:59:22', '2026-02-05 11:59:22'),
(81, 'Non-Alcoholic', 'Indian Tonic', 'Premium tonic water', 5500.00, 'MWK', NULL, 1, 0, NULL, 6, '2026-02-05 11:59:22', '2026-02-05 11:59:22'),
(82, 'Non-Alcoholic', 'Soda Water', 'Fresh soda water', 5500.00, 'MWK', NULL, 1, 0, NULL, 7, '2026-02-05 11:59:22', '2026-02-05 11:59:22'),
(83, 'Non-Alcoholic', 'Appletiser', 'Sparkling apple juice', 12000.00, 'MWK', NULL, 1, 1, NULL, 8, '2026-02-05 11:59:22', '2026-02-05 11:59:22'),
(84, 'Non-Alcoholic', 'Grapetiser', 'Sparkling grape juice', 12000.00, 'MWK', NULL, 1, 1, NULL, 9, '2026-02-05 11:59:22', '2026-02-05 11:59:22'),
(85, 'Non-Alcoholic', 'Fruitcana Juice', 'Fresh fruit juice', 5000.00, 'MWK', NULL, 1, 0, NULL, 10, '2026-02-05 11:59:22', '2026-02-05 11:59:22'),
(86, 'Non-Alcoholic', 'Enjoy 250ml', 'Premium juice drink', 2500.00, 'MWK', NULL, 1, 0, NULL, 11, '2026-02-05 11:59:22', '2026-02-05 11:59:22'),
(87, 'Non-Alcoholic', 'Enjoy 500ml', 'Premium juice drink', 6000.00, 'MWK', NULL, 1, 0, NULL, 12, '2026-02-05 11:59:22', '2026-02-05 11:59:22'),
(88, 'Non-Alcoholic', 'Dragon Energy Drink', 'Energy booster drink', 7000.00, 'MWK', NULL, 1, 1, NULL, 13, '2026-02-05 11:59:22', '2026-02-05 11:59:22'),
(89, 'Non-Alcoholic', 'Azam Ukwaju', 'Tamarind juice', 4000.00, 'MWK', NULL, 1, 0, NULL, 14, '2026-02-05 11:59:22', '2026-02-05 11:59:22'),
(90, 'Non-Alcoholic', 'Azam Ukwaju 500ml', 'Tamarind juice large', 5000.00, 'MWK', NULL, 1, 0, NULL, 15, '2026-02-05 11:59:22', '2026-02-05 11:59:22'),
(91, 'Non-Alcoholic', 'Ceres Juice Glass', 'Fresh juice by glass', 7000.00, 'MWK', NULL, 1, 0, NULL, 16, '2026-02-05 11:59:22', '2026-02-05 11:59:22'),
(92, 'Non-Alcoholic', 'Redbull', 'Energy drink', 8000.00, 'MWK', NULL, 1, 1, NULL, 17, '2026-02-05 11:59:22', '2026-02-05 11:59:22'),
(93, 'Non-Alcoholic', 'Embe Juice', 'Fresh fruit juice', 4000.00, 'MWK', NULL, 1, 0, NULL, 18, '2026-02-05 11:59:22', '2026-02-05 11:59:22'),
(94, 'Non-Alcoholic', 'Embe Juice 500ml', 'Fresh fruit juice large', 5000.00, 'MWK', NULL, 1, 0, NULL, 19, '2026-02-05 11:59:22', '2026-02-05 11:59:22'),
(95, 'Non-Alcoholic', 'Ceres Juice 250ml Bottle', 'Premium juice bottle', 8000.00, 'MWK', NULL, 1, 0, NULL, 20, '2026-02-05 11:59:22', '2026-02-05 11:59:22'),
(96, 'Non-Alcoholic', 'Ceres 200ml', 'Premium juice small', 4000.00, 'MWK', NULL, 1, 0, NULL, 21, '2026-02-05 11:59:22', '2026-02-05 11:59:22'),
(97, 'Non-Alcoholic', 'Fruitree', 'Fresh fruit drink', 8000.00, 'MWK', NULL, 1, 0, NULL, 22, '2026-02-05 11:59:22', '2026-02-05 11:59:22'),
(98, 'Cocktails', 'Rockshandy', 'Classic rockshandy cocktail', 7000.00, 'MWK', NULL, 1, 0, NULL, 23, '2026-02-05 11:59:22', '2026-02-05 11:59:22'),
(99, 'Cocktails', 'Chapman', 'Chapman cocktail blend', 6500.00, 'MWK', NULL, 1, 1, NULL, 24, '2026-02-05 11:59:22', '2026-02-05 11:59:22'),
(100, 'Coffee', 'Mzuzu Coffee', 'Premium Malawian coffee', 6000.00, 'MWK', NULL, 1, 1, NULL, 25, '2026-02-05 11:59:22', '2026-02-05 11:59:22'),
(101, 'Coffee', 'Espresso Single Shot', 'Rich single shot espresso', 3000.00, 'MWK', NULL, 1, 0, NULL, 26, '2026-02-05 11:59:22', '2026-02-05 11:59:22'),
(102, 'Coffee', 'Espresso Double Shot', 'Bold double shot espresso', 5000.00, 'MWK', NULL, 1, 0, NULL, 27, '2026-02-05 11:59:22', '2026-02-05 11:59:22'),
(103, 'Coffee', 'Cappuccino', 'Creamy cappuccino with foam', 8000.00, 'MWK', NULL, 1, 1, NULL, 28, '2026-02-05 11:59:22', '2026-02-05 11:59:22'),
(104, 'Coffee', 'Coffee Latte', 'Smooth latte with steamed milk', 8000.00, 'MWK', NULL, 1, 1, NULL, 29, '2026-02-05 11:59:22', '2026-02-05 11:59:22'),
(105, 'Coffee', 'Mocachinno', 'Chocolate coffee blend', 10000.00, 'MWK', NULL, 1, 1, NULL, 30, '2026-02-05 11:59:22', '2026-02-05 11:59:22'),
(106, 'Coffee', 'Cup of Ricoffy', 'Classic ricoffy coffee', 7500.00, 'MWK', NULL, 1, 0, NULL, 31, '2026-02-05 11:59:22', '2026-02-05 11:59:22'),
(107, 'Coffee', 'Hot Chocolate', 'Rich hot chocolate', 10000.00, 'MWK', NULL, 1, 1, NULL, 32, '2026-02-05 11:59:22', '2026-02-05 11:59:22'),
(108, 'Coffee', 'Cup of Cocoa', 'Pure cocoa beverage', 9000.00, 'MWK', NULL, 1, 0, NULL, 33, '2026-02-05 11:59:22', '2026-02-05 11:59:22'),
(109, 'Coffee', 'Cup of Malawi Tea', 'Traditional Malawian tea', 6500.00, 'MWK', NULL, 1, 1, NULL, 34, '2026-02-05 11:59:22', '2026-02-05 11:59:22'),
(110, 'Coffee', 'Rooibos Tea', 'Premium rooibos tea', 6000.00, 'MWK', NULL, 1, 0, NULL, 35, '2026-02-05 11:59:22', '2026-02-05 11:59:22'),
(111, 'Desserts', 'Ice Cream Cone', 'Creamy ice cream in cone', 4000.00, 'MWK', NULL, 1, 0, NULL, 36, '2026-02-05 11:59:22', '2026-02-05 11:59:22'),
(112, 'Desserts', 'Ice Cream Cup', 'Ice cream served in cup', 5000.00, 'MWK', NULL, 1, 0, NULL, 37, '2026-02-05 11:59:22', '2026-02-05 11:59:22'),
(113, 'Desserts', 'Milk Shakes', 'Thick creamy milkshake', 8500.00, 'MWK', NULL, 1, 1, NULL, 38, '2026-02-05 11:59:22', '2026-02-05 11:59:22'),
(114, 'Desserts', 'Smoothies', 'Fresh fruit smoothie', 8500.00, 'MWK', NULL, 1, 1, NULL, 39, '2026-02-05 11:59:22', '2026-02-05 11:59:22'),
(115, 'Whisky', 'Glenfiddich 15 Years', 'Premium 15-year-old single malt', 140000.00, 'MWK', NULL, 1, 1, NULL, 40, '2026-02-05 11:59:22', '2026-02-05 11:59:22'),
(116, 'Whisky', 'Glenfiddich 12 Years', 'Classic 12-year-old single malt', 9000.00, 'MWK', NULL, 1, 1, NULL, 41, '2026-02-05 11:59:22', '2026-02-05 11:59:22'),
(117, 'Whisky', 'Johnnie Walker Black Label', 'Premium blended Scotch whisky', 7000.00, 'MWK', NULL, 1, 1, NULL, 42, '2026-02-05 11:59:22', '2026-02-05 11:59:22'),
(118, 'Whisky', 'Johnnie Walker Red Label', 'Classic blended Scotch whisky', 4500.00, 'MWK', NULL, 1, 0, NULL, 43, '2026-02-05 11:59:22', '2026-02-05 11:59:22'),
(119, 'Whisky', 'Jameson Select Reserve', 'Premium Irish whiskey', 9000.00, 'MWK', NULL, 1, 1, NULL, 44, '2026-02-05 11:59:22', '2026-02-05 11:59:22'),
(120, 'Whisky', 'Jameson Triple Distilled', 'Smooth Irish whiskey', 5500.00, 'MWK', NULL, 1, 0, NULL, 45, '2026-02-05 11:59:22', '2026-02-05 11:59:22'),
(121, 'Whisky', 'J&B Whiskey', 'Classic blended Scotch whisky', 3600.00, 'MWK', NULL, 1, 0, NULL, 46, '2026-02-05 11:59:22', '2026-02-05 11:59:22'),
(122, 'Whisky', 'Grants', 'Smooth blended Scotch whisky', 4000.00, 'MWK', NULL, 1, 0, NULL, 47, '2026-02-05 11:59:22', '2026-02-05 11:59:22'),
(123, 'Whisky', 'Bells', 'Classic blended Scotch whisky', 5500.00, 'MWK', NULL, 1, 0, NULL, 48, '2026-02-05 11:59:22', '2026-02-05 11:59:22'),
(124, 'Whisky', 'Chivas Regal', 'Premium blended Scotch whisky', 6000.00, 'MWK', NULL, 1, 1, NULL, 49, '2026-02-05 11:59:22', '2026-02-05 11:59:22'),
(125, 'Whisky', 'Jack Daniels', 'Tennessee whiskey', 6500.00, 'MWK', NULL, 1, 1, NULL, 50, '2026-02-05 11:59:22', '2026-02-05 11:59:22'),
(126, 'Whisky', 'Best Whisky', 'Premium blended whisky', 3400.00, 'MWK', NULL, 1, 0, NULL, 51, '2026-02-05 11:59:22', '2026-02-05 11:59:22'),
(127, 'Brandy', 'Hennessey', 'Premium cognac', 9000.00, 'MWK', NULL, 1, 1, NULL, 52, '2026-02-05 11:59:22', '2026-02-05 11:59:22'),
(128, 'Brandy', 'KWV 10 Years', 'Aged 10-year brandy', 5500.00, 'MWK', NULL, 1, 0, NULL, 53, '2026-02-05 11:59:22', '2026-02-05 11:59:22'),
(129, 'Brandy', 'KWV 5 Years', 'Aged 5-year brandy', 3000.00, 'MWK', NULL, 1, 0, NULL, 54, '2026-02-05 11:59:22', '2026-02-05 11:59:22'),
(130, 'Brandy', 'KWV 3 Years', 'Aged 3-year brandy', 2500.00, 'MWK', NULL, 1, 0, NULL, 55, '2026-02-05 11:59:22', '2026-02-05 11:59:22'),
(131, 'Brandy', 'Klipdrift', 'Classic South African brandy', 2200.00, 'MWK', NULL, 1, 0, NULL, 56, '2026-02-05 11:59:22', '2026-02-05 11:59:22'),
(132, 'Brandy', 'Richelieu', 'Premium brandy', 2600.00, 'MWK', NULL, 1, 0, NULL, 57, '2026-02-05 11:59:22', '2026-02-05 11:59:22'),
(133, 'Brandy', 'Premier Brandy', 'Quality brandy', 3000.00, 'MWK', NULL, 1, 0, NULL, 58, '2026-02-05 11:59:22', '2026-02-05 11:59:22'),
(134, 'Gin', 'Malawi Gin', 'Local gin', 2500.00, 'MWK', NULL, 1, 0, NULL, 59, '2026-02-05 11:59:22', '2026-02-05 11:59:22'),
(135, 'Gin', 'Whitley Nerry Gin', 'Premium gin', 3000.00, 'MWK', NULL, 1, 0, NULL, 60, '2026-02-05 11:59:22', '2026-02-05 11:59:22'),
(136, 'Gin', 'Beefeater Gin', 'Classic London dry gin', 3000.00, 'MWK', NULL, 1, 1, NULL, 61, '2026-02-05 11:59:22', '2026-02-05 11:59:22'),
(137, 'Gin', 'Cruxland Gin', 'Premium gin', 2500.00, 'MWK', NULL, 1, 0, NULL, 62, '2026-02-05 11:59:22', '2026-02-05 11:59:22'),
(138, 'Gin', 'Have A Rock Dry Gin', 'Dry gin', 2500.00, 'MWK', NULL, 1, 0, NULL, 63, '2026-02-05 11:59:22', '2026-02-05 11:59:22'),
(139, 'Gin', 'Have A Rock Rose Gin', 'Rose gin', 2500.00, 'MWK', NULL, 1, 0, NULL, 64, '2026-02-05 11:59:22', '2026-02-05 11:59:22'),
(140, 'Gin', 'Stretton\'s Gin', 'Premium gin', 2000.00, 'MWK', NULL, 1, 0, NULL, 65, '2026-02-05 11:59:22', '2026-02-05 11:59:22'),
(141, 'Vodka', 'Malawi Vodka', 'Local vodka', 2000.00, 'MWK', NULL, 1, 0, NULL, 66, '2026-02-05 11:59:22', '2026-02-05 11:59:22'),
(142, 'Vodka', '1818 S/Vodka', 'Premium vodka', 3200.00, 'MWK', NULL, 1, 0, NULL, 67, '2026-02-05 11:59:22', '2026-02-05 11:59:22'),
(143, 'Vodka', 'Ciroc Vodka', 'Premium French vodka', 2200.00, 'MWK', NULL, 1, 1, NULL, 68, '2026-02-05 11:59:22', '2026-02-05 11:59:22'),
(144, 'Vodka', 'Cruz Infusion Vodka', 'Infused vodka', 2200.00, 'MWK', NULL, 1, 0, NULL, 69, '2026-02-05 11:59:22', '2026-02-05 11:59:22'),
(145, 'Vodka', 'Cruz Vodka', 'Premium vodka', 2900.00, 'MWK', NULL, 1, 0, NULL, 70, '2026-02-05 11:59:22', '2026-02-05 11:59:22'),
(146, 'Rum', 'Malibu', 'Caribbean rum with coconut', 5000.00, 'MWK', NULL, 1, 1, NULL, 71, '2026-02-05 11:59:22', '2026-02-05 11:59:22'),
(147, 'Rum', 'Captain Morgan Rum', 'Classic spiced rum', 4000.00, 'MWK', NULL, 1, 0, NULL, 72, '2026-02-05 11:59:22', '2026-02-05 11:59:22'),
(148, 'Rum', 'Captain Morgan Spiced Gold', 'Premium spiced rum', 4000.00, 'MWK', NULL, 1, 1, NULL, 73, '2026-02-05 11:59:22', '2026-02-05 11:59:22'),
(149, 'Tequila', 'Tequila Gold', 'Gold tequila', 5000.00, 'MWK', NULL, 1, 0, NULL, 74, '2026-02-05 11:59:22', '2026-02-05 11:59:22'),
(150, 'Tequila', 'Tequila Silver', 'Silver tequila', 5000.00, 'MWK', NULL, 1, 0, NULL, 75, '2026-02-05 11:59:22', '2026-02-05 11:59:22'),
(151, 'Tequila', 'Cactus Jack & Ponchos Tequila', 'Premium tequila', 5000.00, 'MWK', NULL, 1, 0, NULL, 76, '2026-02-05 11:59:22', '2026-02-05 11:59:22'),
(152, 'Liqueur', 'Zappa', 'Premium liqueur', 5000.00, 'MWK', NULL, 1, 0, NULL, 77, '2026-02-05 11:59:22', '2026-02-05 11:59:22'),
(153, 'Liqueur', 'Potency', 'Strong liqueur', 5000.00, 'MWK', NULL, 1, 0, NULL, 78, '2026-02-05 11:59:22', '2026-02-05 11:59:22'),
(154, 'Liqueur', 'Amarula Cream', 'Cream liqueur', 5000.00, 'MWK', NULL, 1, 1, NULL, 79, '2026-02-05 11:59:22', '2026-02-05 11:59:22'),
(155, 'Liqueur', 'Best Cream', 'Cream liqueur', 3500.00, 'MWK', NULL, 1, 0, NULL, 80, '2026-02-05 11:59:22', '2026-02-05 11:59:22'),
(156, 'Liqueur', 'Strawberry Lips', 'Strawberry liqueur', 5000.00, 'MWK', NULL, 1, 0, NULL, 81, '2026-02-05 11:59:22', '2026-02-05 11:59:22'),
(157, 'Liqueur', 'Kahlua', 'Coffee liqueur', 5000.00, 'MWK', NULL, 1, 1, NULL, 82, '2026-02-05 11:59:22', '2026-02-05 11:59:22'),
(158, 'Liqueur', 'Southern Comfort', 'American liqueur', 3200.00, 'MWK', NULL, 1, 0, NULL, 83, '2026-02-05 11:59:22', '2026-02-05 11:59:22'),
(159, 'Liqueur', 'Jagermeister', 'Herbal liqueur', 5000.00, 'MWK', NULL, 1, 1, NULL, 84, '2026-02-05 11:59:22', '2026-02-05 11:59:22'),
(160, 'Liqueur', 'Sour Monkey', 'Sour liqueur', 4000.00, 'MWK', NULL, 1, 0, NULL, 85, '2026-02-05 11:59:22', '2026-02-05 11:59:22'),
(161, 'Beer', 'Carlsberg Green', 'Premium Danish lager', 4000.00, 'MWK', NULL, 1, 0, NULL, 86, '2026-02-05 11:59:22', '2026-02-05 11:59:22'),
(162, 'Beer', 'Carlsberg Special', 'Special brew', 4000.00, 'MWK', NULL, 1, 0, NULL, 87, '2026-02-05 11:59:22', '2026-02-05 11:59:22'),
(163, 'Beer', 'Carlsberg Chill', 'Chilled lager', 5000.00, 'MWK', NULL, 1, 0, NULL, 88, '2026-02-05 11:59:22', '2026-02-05 11:59:22'),
(164, 'Beer', 'Castel Beer', 'Local beer', 4000.00, 'MWK', NULL, 1, 0, NULL, 89, '2026-02-05 11:59:22', '2026-02-05 11:59:22'),
(165, 'Beer', 'Kuche-Kuche', 'Malawian beer', 4000.00, 'MWK', NULL, 1, 1, NULL, 90, '2026-02-05 11:59:22', '2026-02-05 11:59:22'),
(166, 'Beer', 'Doppel', 'Premium beer', 4000.00, 'MWK', NULL, 1, 0, NULL, 91, '2026-02-05 11:59:22', '2026-02-05 11:59:22'),
(167, 'Beer', 'Pomme Breeze', 'Fruit beer', 4000.00, 'MWK', NULL, 1, 0, NULL, 92, '2026-02-05 11:59:22', '2026-02-05 11:59:22'),
(168, 'Beer', 'Hunters Gold/Dry', 'South African cider', 10000.00, 'MWK', NULL, 1, 1, NULL, 93, '2026-02-05 11:59:22', '2026-02-05 11:59:22'),
(169, 'Beer', 'Savanna Dry', 'Premium cider', 10000.00, 'MWK', NULL, 1, 1, NULL, 94, '2026-02-05 11:59:22', '2026-02-05 11:59:22'),
(170, 'Beer', 'Smirnoff Guarana', 'Energy beer', 10000.00, 'MWK', NULL, 1, 0, NULL, 95, '2026-02-05 11:59:22', '2026-02-05 11:59:22'),
(171, 'Beer', 'Amstel Beers', 'Dutch lager', 10000.00, 'MWK', NULL, 1, 0, NULL, 96, '2026-02-05 11:59:22', '2026-02-05 11:59:22'),
(172, 'Beer', 'Windhoek Lager/Draft', 'Namibian beer', 10000.00, 'MWK', NULL, 1, 1, NULL, 97, '2026-02-05 11:59:22', '2026-02-05 11:59:22'),
(173, 'Beer', 'Breezer/Brutol', 'Premium beer mix', 10000.00, 'MWK', NULL, 1, 0, NULL, 98, '2026-02-05 11:59:22', '2026-02-05 11:59:22'),
(174, 'Beer', 'Flying Fish', 'Premium cider', 10000.00, 'MWK', NULL, 1, 0, NULL, 99, '2026-02-05 11:59:22', '2026-02-05 11:59:22'),
(175, 'Beer', 'Heineken Beer', 'Dutch lager', 10000.00, 'MWK', NULL, 1, 1, NULL, 100, '2026-02-05 11:59:22', '2026-02-05 11:59:22'),
(176, 'Beer', 'Budweiser Beer', 'American lager', 10000.00, 'MWK', NULL, 1, 1, NULL, 101, '2026-02-05 11:59:22', '2026-02-05 11:59:22'),
(177, 'Beer', '2M Beer', 'Imported beer', 10000.00, 'MWK', NULL, 1, 0, NULL, 102, '2026-02-05 11:59:22', '2026-02-05 11:59:22'),
(178, 'Beer', 'Cane Ciders & Beers', 'Premium ciders', 12000.00, 'MWK', NULL, 1, 1, NULL, 103, '2026-02-05 11:59:22', '2026-02-05 11:59:22'),
(179, 'Wine', 'All Cask Wines', 'House wines', 7500.00, 'MWK', NULL, 1, 0, NULL, 104, '2026-02-05 11:59:22', '2026-02-05 11:59:22'),
(180, 'Wine', 'Nederburg Red Wines', 'Premium South African red wine', 58000.00, 'MWK', NULL, 1, 1, NULL, 105, '2026-02-05 11:59:22', '2026-02-05 11:59:22'),
(181, 'Wine', 'Four Cousins Bottle', 'Sweet wine', 30000.00, 'MWK', NULL, 1, 0, NULL, 106, '2026-02-05 11:59:22', '2026-02-05 11:59:22'),
(182, 'Wine', 'Four Cousins 1.5L', 'Large format sweet wine', 40000.00, 'MWK', NULL, 1, 0, NULL, 107, '2026-02-05 11:59:22', '2026-02-05 11:59:22'),
(183, 'Tobacco', 'Peter Stuyvesant', 'Premium cigarettes', 6000.00, 'MWK', NULL, 1, 0, NULL, 108, '2026-02-05 11:59:22', '2026-02-05 11:59:22'),
(184, 'Tobacco', 'Dunhill Blue', 'Premium cigarettes', 6000.00, 'MWK', NULL, 1, 0, NULL, 109, '2026-02-05 11:59:22', '2026-02-05 11:59:22'),
(185, 'Tobacco', 'Pall Mall Red', 'Classic cigarettes', 4500.00, 'MWK', NULL, 1, 0, NULL, 110, '2026-02-05 11:59:22', '2026-02-05 11:59:22'),
(186, 'Tobacco', 'Pall Mall Green', 'Classic cigarettes', 4500.00, 'MWK', NULL, 1, 0, NULL, 111, '2026-02-05 11:59:22', '2026-02-05 11:59:22'),
(187, 'Coffee', 'Cappuccino', 'Fresh cappuccino', 5000.00, 'MWK', NULL, 1, 0, NULL, 112, '2026-02-05 11:59:22', '2026-02-05 11:59:22'),
(188, 'Coffee', 'Hot Chocolate', 'Rich hot chocolate', 7000.00, 'MWK', NULL, 1, 0, NULL, 113, '2026-02-05 11:59:22', '2026-02-05 11:59:22'),
(189, 'Coffee', 'Jacobs', 'Premium coffee', 5000.00, 'MWK', NULL, 1, 0, NULL, 114, '2026-02-05 11:59:22', '2026-02-05 11:59:22'),
(190, 'Coffee', 'Mzuzu Coffee', 'Malawian coffee', 5000.00, 'MWK', NULL, 1, 0, NULL, 115, '2026-02-05 11:59:22', '2026-02-05 11:59:22'),
(191, 'Coffee', 'Malawi Tea', 'Local tea', 2500.00, 'MWK', NULL, 1, 0, NULL, 116, '2026-02-05 11:59:22', '2026-02-05 11:59:22');

-- --------------------------------------------------------

--
-- Table structure for table `email_settings`
--

CREATE TABLE `email_settings` (
  `id` int NOT NULL,
  `setting_key` varchar(100) COLLATE utf8mb4_unicode_ci NOT NULL,
  `setting_value` text COLLATE utf8mb4_unicode_ci,
  `setting_group` varchar(50) COLLATE utf8mb4_unicode_ci DEFAULT 'email',
  `description` text COLLATE utf8mb4_unicode_ci,
  `is_encrypted` tinyint(1) DEFAULT '0',
  `created_at` timestamp NOT NULL DEFAULT CURRENT_TIMESTAMP,
  `updated_at` timestamp NOT NULL DEFAULT CURRENT_TIMESTAMP ON UPDATE CURRENT_TIMESTAMP
) ENGINE=InnoDB DEFAULT CHARSET=utf8mb4 COLLATE=utf8mb4_unicode_ci;

--
-- Dumping data for table `email_settings`
--

INSERT INTO `email_settings` (`id`, `setting_key`, `setting_value`, `setting_group`, `description`, `is_encrypted`, `created_at`, `updated_at`) VALUES
(1, 'smtp_password', '2:1c003835715c7a9a:Y72xf7agVITsio1WTOTy+w==', 'smtp', '', 1, '2026-01-27 09:51:05', '2026-01-27 11:30:08'),
(2, 'email_development_mode', '0', 'general', '', 0, '2026-01-27 09:51:06', '2026-01-27 11:30:08'),
(3, 'smtp_host', 'mail.promanaged-it.com', 'smtp', '', 0, '2026-01-27 09:51:06', '2026-01-27 11:30:07'),
(4, 'smtp_port', '465', 'smtp', '', 0, '2026-01-27 09:51:06', '2026-01-27 11:30:07'),
(5, 'smtp_username', 'info@promanaged-it.com', 'smtp', '', 0, '2026-01-27 09:51:07', '2026-01-27 11:30:08'),
(6, 'smtp_secure', 'ssl', 'smtp', '', 0, '2026-01-27 09:51:07', '2026-01-27 11:30:08'),
(7, 'smtp_timeout', '30', 'smtp', 'SMTP connection timeout in seconds', 0, '2026-01-27 09:51:08', '2026-01-27 09:51:08'),
(8, 'smtp_debug', '0', 'smtp', 'SMTP debug level (0-4)', 0, '2026-01-27 09:51:08', '2026-01-27 09:51:08'),
(9, 'email_from_name', 'Liwonde Sun Hotel', 'general', '', 0, '2026-01-27 09:51:09', '2026-01-27 11:30:08'),
(10, 'email_from_email', 'info@liwondesunhotel.com', 'general', '', 0, '2026-01-27 09:51:09', '2026-01-27 11:30:08'),
(11, 'email_admin_email', 'admin@liwondesunhotel.com', 'general', '', 0, '2026-01-27 09:51:10', '2026-01-27 11:30:08'),
(12, 'email_bcc_admin', '1', 'general', '', 0, '2026-01-27 09:51:10', '2026-01-27 11:30:08'),
(13, 'email_log_enabled', '1', 'general', '', 0, '2026-01-27 09:51:11', '2026-01-27 11:30:08'),
(14, 'email_preview_enabled', '1', 'general', '', 0, '2026-01-27 09:51:11', '2026-01-27 11:30:08'),
(147, 'invoice_recipients', 'accounts@promanaged-it.com', 'invoicing', 'accounts@promanaged-it.com', 0, '2026-01-27 16:00:35', '2026-02-05 14:01:26'),
(148, 'send_invoice_emails', '1', 'invoicing', 'Send invoice emails when payment is marked as paid (1=yes, 0=no)', 0, '2026-01-27 16:00:35', '2026-01-27 16:00:35');

-- --------------------------------------------------------

--
-- Table structure for table `events`
--

CREATE TABLE `events` (
  `id` int NOT NULL,
  `title` varchar(200) CHARACTER SET utf8mb4 COLLATE utf8mb4_unicode_ci NOT NULL,
  `description` text CHARACTER SET utf8mb4 COLLATE utf8mb4_unicode_ci NOT NULL,
  `event_date` date NOT NULL,
  `start_time` time DEFAULT NULL,
  `end_time` time DEFAULT NULL,
  `location` varchar(200) CHARACTER SET utf8mb4 COLLATE utf8mb4_unicode_ci DEFAULT NULL,
  `image_path` varchar(255) CHARACTER SET utf8mb4 COLLATE utf8mb4_unicode_ci DEFAULT NULL,
  `ticket_price` decimal(10,2) DEFAULT '0.00',
  `capacity` int DEFAULT NULL,
  `is_featured` tinyint(1) DEFAULT '0',
  `is_active` tinyint(1) DEFAULT '1',
  `display_order` int DEFAULT '0',
  `created_at` timestamp NULL DEFAULT CURRENT_TIMESTAMP,
  `updated_at` timestamp NULL DEFAULT CURRENT_TIMESTAMP ON UPDATE CURRENT_TIMESTAMP,
  `video_path` varchar(255) COLLATE utf8mb4_unicode_ci DEFAULT NULL COMMENT 'Path to event video file',
  `video_type` varchar(50) COLLATE utf8mb4_unicode_ci DEFAULT NULL COMMENT 'Video MIME type (video/mp4, video/webm, etc.)'
) ENGINE=InnoDB DEFAULT CHARSET=utf8mb4 COLLATE=utf8mb4_unicode_ci;

--
-- Dumping data for table `events`
--

INSERT INTO `events` (`id`, `title`, `description`, `event_date`, `start_time`, `end_time`, `location`, `image_path`, `ticket_price`, `capacity`, `is_featured`, `is_active`, `display_order`, `created_at`, `updated_at`, `video_path`, `video_type`) VALUES
(7, '10th Annivesary', 'Woza', '2026-02-14', '18:00:00', '21:00:00', 'Zest Garden Lodge', NULL, 30000.00, 40, 1, 1, 0, '2026-01-20 22:36:31', '2026-02-07 02:18:21', 'https://v1.pinimg.com/videos/mc/720p/78/66/17/78661746d5651f3ca182a9ab80d8b76a.mp4', 'video/mp4');

-- --------------------------------------------------------

--
-- Table structure for table `facilities`
--

CREATE TABLE `facilities` (
  `id` int NOT NULL,
  `name` varchar(100) CHARACTER SET utf8mb4 COLLATE utf8mb4_unicode_ci NOT NULL,
  `slug` varchar(100) CHARACTER SET utf8mb4 COLLATE utf8mb4_unicode_ci NOT NULL,
  `description` text CHARACTER SET utf8mb4 COLLATE utf8mb4_unicode_ci NOT NULL,
  `short_description` varchar(255) CHARACTER SET utf8mb4 COLLATE utf8mb4_unicode_ci DEFAULT NULL,
  `icon_class` varchar(100) CHARACTER SET utf8mb4 COLLATE utf8mb4_unicode_ci DEFAULT NULL,
  `page_url` varchar(255) CHARACTER SET utf8mb4 COLLATE utf8mb4_unicode_ci DEFAULT NULL,
  `image_url` varchar(255) CHARACTER SET utf8mb4 COLLATE utf8mb4_unicode_ci DEFAULT NULL,
  `is_featured` tinyint(1) DEFAULT '0',
  `is_active` tinyint(1) DEFAULT '1',
  `display_order` int DEFAULT '0',
  `created_at` timestamp NOT NULL DEFAULT CURRENT_TIMESTAMP,
  `updated_at` timestamp NOT NULL DEFAULT CURRENT_TIMESTAMP ON UPDATE CURRENT_TIMESTAMP
) ENGINE=InnoDB DEFAULT CHARSET=utf8mb4 COLLATE=utf8mb4_unicode_ci;

--
-- Dumping data for table `facilities`
--

INSERT INTO `facilities` (`id`, `name`, `slug`, `description`, `short_description`, `icon_class`, `page_url`, `image_url`, `is_featured`, `is_active`, `display_order`, `created_at`, `updated_at`) VALUES
(1, 'Restaurant', 'fine-dining', 'Our restaurant serves tasty local and international dishes. Open for breakfast, lunch, and dinner. Enjoy good food at affordable prices.', 'Good food at reasonable prices', 'fas fa-utensils', 'restaurant.php', NULL, 1, 1, 1, '2026-01-19 20:22:49', '2026-02-07 02:40:52'),
(2, 'Luxury Spa & Wellness', 'spa-wellness', 'Full-service spa offering massages, facials, and wellness treatments. Expert therapists provide personalized experiences using premium organic products. Includes sauna and steam room.', 'Rejuvenating spa treatments and wellness services', 'fas fa-spa', NULL, NULL, 1, 1, 2, '2026-01-19 20:22:49', '2026-01-19 20:22:49'),
(3, 'Swimming Pool', 'swimming-pool', 'Outdoor swimming pool perfect for cooling off and relaxing. Pool area with seating available.', 'Refreshing outdoor pool', 'fas fa-swimming-pool', NULL, NULL, 1, 1, 3, '2026-01-19 20:22:49', '2026-02-07 02:40:52'),
(4, 'Fitness Center', 'fitness-center', 'Well-equipped gym with cardio machines and weights. Open daily for hotel guests.', 'Exercise facilities available', 'fas fa-dumbbell', 'gym.php', NULL, 1, 1, 4, '2026-01-19 20:22:49', '2026-02-07 02:40:52'),
(5, 'WiFi Internet', 'wifi', 'Complimentary WiFi available throughout the hotel for all guests.', 'Free internet access', 'fas fa-wifi', NULL, NULL, 1, 1, 5, '2026-01-19 20:22:49', '2026-02-07 02:40:52'),
(6, 'Front Desk Service', 'concierge', 'Our front desk is available to help with check-in, information, and assistance during your stay.', 'Helpful front desk staff', 'fas fa-concierge-bell', NULL, NULL, 1, 1, 6, '2026-01-19 20:22:49', '2026-02-07 02:40:52');

-- --------------------------------------------------------

--
-- Table structure for table `food_menu`
--

CREATE TABLE `food_menu` (
  `id` int NOT NULL,
  `category` varchar(100) CHARACTER SET utf8mb4 COLLATE utf8mb4_unicode_ci NOT NULL COMMENT 'Breakfast, Lunch, Dinner, Desserts, etc.',
  `item_name` varchar(200) CHARACTER SET utf8mb4 COLLATE utf8mb4_unicode_ci NOT NULL,
  `description` text CHARACTER SET utf8mb4 COLLATE utf8mb4_unicode_ci,
  `price` decimal(10,2) NOT NULL,
  `currency_code` varchar(10) CHARACTER SET utf8mb4 COLLATE utf8mb4_unicode_ci DEFAULT 'MWK',
  `image_path` varchar(255) CHARACTER SET utf8mb4 COLLATE utf8mb4_unicode_ci DEFAULT NULL,
  `is_available` tinyint(1) DEFAULT '1',
  `is_featured` tinyint(1) DEFAULT '0' COMMENT 'Featured items shown prominently',
  `is_vegetarian` tinyint(1) DEFAULT '0',
  `is_vegan` tinyint(1) DEFAULT '0',
  `allergens` varchar(255) CHARACTER SET utf8mb4 COLLATE utf8mb4_unicode_ci DEFAULT NULL COMMENT 'Comma-separated allergen list',
  `display_order` int DEFAULT '0',
  `created_at` timestamp NOT NULL DEFAULT CURRENT_TIMESTAMP,
  `updated_at` timestamp NOT NULL DEFAULT CURRENT_TIMESTAMP ON UPDATE CURRENT_TIMESTAMP
) ENGINE=InnoDB DEFAULT CHARSET=utf8mb4 COLLATE=utf8mb4_unicode_ci;

--
-- Dumping data for table `food_menu`
--

INSERT INTO `food_menu` (`id`, `category`, `item_name`, `description`, `price`, `currency_code`, `image_path`, `is_available`, `is_featured`, `is_vegetarian`, `is_vegan`, `allergens`, `display_order`, `created_at`, `updated_at`) VALUES
(25, 'Breakfast', 'English Breakfast', 'A glass of home-made juice or orange squash, boiled oats or rice porridge, seasonal fruits, two farm fresh eggs done on your perfection. Sunnyside up, full house omelette or scrambled, poached, egg white only, grilled beef sausages, grilled tomato and chef garden vegetables toasted bread with butter, zitumbuwa, pancakes, doughnuts or mandasi. Sweet potatoes or Cassava tea or coffee.', 35000.00, 'MWK', NULL, 1, 0, 0, 0, NULL, 1, '2026-02-04 21:23:54', '2026-02-04 21:54:14'),
(26, 'Starter', 'Mushroom Soup', 'Classic French style cream of mushroom soup served with garlic butter toasted panin', 15000.00, 'MWK', NULL, 1, 0, 0, 0, NULL, 1, '2026-02-04 21:23:54', '2026-02-04 21:38:34'),
(27, 'Starter', 'Italian Style Tomato Soup', 'Slow roasted puree of tomatoes and a touch of cream and balsamic vinegar with garlic buttered toasted panin.', 15000.00, 'MWK', NULL, 1, 0, 0, 0, NULL, 2, '2026-02-04 21:23:55', '2026-02-04 21:38:34'),
(28, 'Starter', 'Green Salad', 'Fresh and crispy lettuce with fresh onion, tomato & cucumber', 10000.00, 'MWK', NULL, 1, 0, 0, 0, NULL, 3, '2026-02-04 21:23:55', '2026-02-04 21:38:34'),
(29, 'Starter', 'Sun Hotel Greek Salad', 'Fresh from the garden with calamata, olives, feta cheese, tomato wedges, sliced red onions rings, crispy cucumbers, oregano and merange of lettuce with an Italian herb-based dressing', 12000.00, 'MWK', NULL, 1, 0, 0, 0, NULL, 4, '2026-02-04 21:23:55', '2026-02-04 21:38:34'),
(30, 'Starter', 'Tempura Prawns', 'Fried prawns in a crispy butter served on Asian -style vegetables with branched noodles and accompanied with mustard cream reduction.', 17000.00, 'MWK', NULL, 1, 0, 0, 0, NULL, 5, '2026-02-04 21:23:55', '2026-02-04 21:38:34'),
(31, 'Starter', 'Chicken liver Masala', 'Stew cooked in authentic Indian spices served with garlic butter, naan bread with deep fried onion and fresh onion.', 17000.00, 'MWK', NULL, 1, 0, 0, 0, NULL, 6, '2026-02-04 21:23:55', '2026-02-04 21:38:34'),
(32, 'Starter', 'Hot Snack Platter', 'Two beef samosa & two chicken wingless, two beef meatballs, served with sambay cele apricot chili chutney and cajun potato.', 20500.00, 'MWK', NULL, 1, 0, 0, 0, NULL, 7, '2026-02-04 21:23:55', '2026-02-04 21:38:34'),
(33, 'Chicken Corner', 'Chicken peri-peri', 'Juicy and Tender grilled 1/4-chicken marinated in a peri-peri sauce, served with a choice of green salads or mixed vegetables. Served with a choice of French fries/baked Potatoes/Mashed Potatoes/Rice and Seasonal Vegetables', 22000.00, 'MWK', NULL, 1, 0, 0, 0, NULL, 1, '2026-02-04 21:23:56', '2026-02-04 21:38:34'),
(34, 'Chicken Corner', 'Boiled Chicken Curry', 'Tender and succulent pieces of chicken swimming in a super flavourful & delicious curry sauce. Served with a choice of French fries/baked Potatoes/Mashed Potatoes/Rice and Seasonal Vegetables', 22000.00, 'MWK', NULL, 1, 0, 0, 0, NULL, 2, '2026-02-04 21:23:56', '2026-02-04 21:38:34'),
(35, 'Chicken Corner', 'Chicken Stir-fry', 'Incredibly tender, juicy, moist and outrageously delicious pan fried chicken breast. Served with a choice of French fries/baked Potatoes/Mashed Potatoes/Rice and Seasonal Vegetables', 22000.00, 'MWK', NULL, 1, 0, 0, 0, NULL, 3, '2026-02-04 21:23:56', '2026-02-04 21:38:34'),
(36, 'Chicken Corner', 'Grilled  Chicken', 'Quarter of a delicious tender grilled chicken pairs perfectly with your choice of flavour and sides. Served with a choice of French fries/baked Potatoes/Mashed Potatoes/Rice and Seasonal Vegetables', 22000.00, 'MWK', NULL, 1, 0, 0, 0, NULL, 4, '2026-02-04 21:23:56', '2026-02-04 21:38:34'),
(37, 'Chicken Corner', 'Chicken Khwasu', 'Well grilled chicken pieces and pan fried with garlic, green pepper, onions finshed with mango archer sauce. Served with a choice of French fries/baked Potatoes/Mashed Potatoes/Rice and Seasonal Vegetables', 22000.00, 'MWK', NULL, 1, 0, 0, 0, NULL, 5, '2026-02-04 21:23:56', '2026-02-04 21:38:34'),
(38, 'Chicken Corner', 'Local Chicken', 'Grandmothers favourite stewed road runner chicken. Served with a choice of French fries/baked Potatoes/Mashed Potatoes/Rice and Seasonal Vegetables', 22000.00, 'MWK', NULL, 1, 0, 0, 0, NULL, 6, '2026-02-04 21:23:56', '2026-02-04 21:38:34'),
(39, 'Meat Corner', 'T Bone Steak', 'Well marinated and seasoned T Bone steak grilled to your choice', 28000.00, 'MWK', NULL, 1, 0, 0, 0, NULL, 1, '2026-02-04 21:23:57', '2026-02-04 21:38:34'),
(40, 'Meat Corner', 'Beef Strips', 'Beef strips marinated in various spices and finshed in stroganoff sauce', 20000.00, 'MWK', NULL, 1, 0, 0, 0, NULL, 2, '2026-02-04 21:23:57', '2026-02-04 21:38:34'),
(41, 'Meat Corner', 'Sirloin Steak', 'Tender sirloin steak grilled to your request served with homemade French fries', 24000.00, 'MWK', NULL, 1, 0, 0, 0, NULL, 3, '2026-02-04 21:23:57', '2026-02-04 21:38:34'),
(42, 'Meat Corner', 'Goat Stew', 'Goat meat cutlets marinated and finshed in its own juice, finished with thick gravy sauce.', 18000.00, 'MWK', NULL, 1, 0, 0, 0, NULL, 4, '2026-02-04 21:23:57', '2026-02-04 21:38:34'),
(43, 'Meat Corner', 'Beef Stew', 'Stewed beef well cooked in garlic and soy sauce finished with kick of mango acher.', 19000.00, 'MWK', NULL, 1, 0, 0, 0, NULL, 5, '2026-02-04 21:23:57', '2026-02-04 21:38:34'),
(44, 'Meat Corner', 'Fillet Mignon', 'Grilled fillet mignon, served with fresh green salads and French fries, rice or nsima', 35000.00, 'MWK', NULL, 1, 0, 0, 0, NULL, 6, '2026-02-04 21:23:58', '2026-02-04 21:38:34'),
(45, 'Fish Corner', 'Fish & Chips', 'Tradition fish fillets fried in a butter or grilled served with tartar sauce and chips. Served with a choice of French fries/Baked potatoes/Mashed Potatoes/Rice and Seasonal Vegetables', 30000.00, 'MWK', NULL, 1, 0, 0, 0, NULL, 1, '2026-02-04 21:23:58', '2026-02-04 21:38:34'),
(46, 'Fish Corner', 'Grilled Chambo (open & whole)', 'Open or closed whole chambo fresh from lake Malawi spiced and marinated in lemon juice and fish spice. Served with a choice of French fries/Baked potatoes/Mashed Potatoes/Rice and Seasonal Vegetables', 28000.00, 'MWK', NULL, 1, 0, 0, 0, NULL, 2, '2026-02-04 21:24:00', '2026-02-04 21:38:34'),
(47, 'Fish Corner', 'Grilled Kampango', 'Open marinated in fresh garlic, lemon juice and fish spices. Served with a choice of French fries/Baked potatoes/Mashed Potatoes/Rice and Seasonal Vegetables', 28000.00, 'MWK', NULL, 1, 0, 0, 0, NULL, 3, '2026-02-04 21:24:00', '2026-02-04 21:38:34'),
(48, 'Fish Corner', 'Mama\'s Choice', 'Stewed chambo with green pepper, tomatoes and Onions. Served with a choice of French fries/Baked potatoes/Mashed Potatoes/Rice and Seasonal Vegetables', 28000.00, 'MWK', NULL, 1, 0, 0, 0, NULL, 4, '2026-02-04 21:24:00', '2026-02-04 21:38:34'),
(49, 'Fish Corner', 'Sun prawn platter', 'Succulent Mozambican prawns, marinated in peri-peri basting or fried in atempura butter, served with garlic butter sauce, tartar sauce and pink sauce. Served with a choice of French fries/Baked potatoes/Mashed Potatoes/Rice and Seasonal Vegetables', 48000.00, 'MWK', NULL, 1, 0, 0, 0, NULL, 5, '2026-02-04 21:24:00', '2026-02-04 21:38:34'),
(50, 'Pasta Corner', 'Spaghetti Bolognese', 'Classic beef bolognese source served on a bed of dente cooked spaghetti and garnished with grated parmesan cheese', 25000.00, 'MWK', NULL, 1, 0, 0, 0, NULL, 1, '2026-02-04 21:24:00', '2026-02-04 21:38:34'),
(51, 'Pasta Corner', 'Spaghetti Napolitano', 'Soft-cooked spaghetti, tomato ketchup, onion, button mushrooms, green peppers', 18000.00, 'MWK', NULL, 1, 0, 0, 0, NULL, 2, '2026-02-04 21:24:00', '2026-02-04 21:38:34'),
(52, 'Pasta Corner', 'Chicken Alfredo', 'Cooked spaghetti fettucine pasta tosses with cream, garlic cheese sauce and oregano', 20000.00, 'MWK', NULL, 1, 0, 0, 0, NULL, 3, '2026-02-04 21:24:00', '2026-02-04 21:38:34'),
(53, 'Pasta Corner', 'Asian Vegetables Stir fly', 'A melange of Asian vegetables cooked in light soy, garlic butter cumin and a hint of chilli with Chinese eggs noodles and dumbed peppers.', 22000.00, 'MWK', NULL, 1, 0, 0, 0, NULL, 4, '2026-02-04 21:24:00', '2026-02-04 21:38:34'),
(54, 'Burger Corner', 'Sun Hotel Burger', 'Fresh, avorful, at patty burger made from the nest Malawian beef served chips', 20000.00, 'MWK', NULL, 1, 0, 0, 0, NULL, 1, '2026-02-04 21:24:00', '2026-02-04 21:38:34'),
(55, 'Burger Corner', 'Mega Double Burger', 'Juicy, big, loaded with toppings of your choice', 30000.00, 'MWK', NULL, 1, 0, 0, 0, NULL, 2, '2026-02-04 21:24:00', '2026-02-04 21:38:34'),
(56, 'Burger Corner', 'Chicken Spice Burger', 'Crispy fried spicy chicken breast layered between, Brioche Bun, lettuce, cheese, gherkins and lashing of homemade spicy mayo sauce', 25000.00, 'MWK', NULL, 1, 0, 0, 0, NULL, 3, '2026-02-04 21:24:00', '2026-02-04 21:38:34'),
(57, 'Pizza Corner', 'Barbeque Pizza Large', 'Classic with its sweet, tangy, and salty BBQ sauce, bits of juicy chicken, creamy cheese, and savoury onions', 36000.00, 'MWK', NULL, 1, 0, 0, 0, NULL, 1, '2026-02-04 21:24:00', '2026-02-04 21:38:34'),
(58, 'Pizza Corner', 'Barbeque Pizza Medium', 'Classic with its sweet, tangy, and salty BBQ sauce, bits of juicy chicken, creamy cheese, and savoury onions', 32000.00, 'MWK', NULL, 1, 0, 0, 0, NULL, 2, '2026-02-04 21:24:00', '2026-02-04 21:38:34'),
(59, 'Pizza Corner', 'Barbeque Pizza Small', 'Classic with its sweet, tangy, and salty BBQ sauce, bits of juicy chicken, creamy cheese, and savoury onions', 28000.00, 'MWK', NULL, 1, 0, 0, 0, NULL, 3, '2026-02-04 21:24:00', '2026-02-04 21:38:34'),
(60, 'Pizza Corner', 'Vegetable Pizza Large', 'Fresh cherry tomatoes, bell peppers, artichoke, spinach and more', 30000.00, 'MWK', NULL, 1, 0, 0, 0, NULL, 4, '2026-02-04 21:24:00', '2026-02-04 21:38:34'),
(61, 'Pizza Corner', 'Vegetable Pizza Medium', 'Fresh cherry tomatoes, bell peppers, artichoke, spinach and more', 25000.00, 'MWK', NULL, 1, 0, 0, 0, NULL, 5, '2026-02-04 21:24:00', '2026-02-04 21:38:34'),
(62, 'Pizza Corner', 'Vegetable Pizza Small', 'Fresh cherry tomatoes, bell peppers, artichoke, spinach and more', 22000.00, 'MWK', NULL, 1, 0, 0, 0, NULL, 6, '2026-02-04 21:24:00', '2026-02-04 21:38:34'),
(63, 'Pizza Corner', 'Chicken & Boerewors Pizza Large', 'Grilled boerewors, caramelized onion, mozzarella and fresh basil', 35000.00, 'MWK', NULL, 1, 0, 0, 0, NULL, 7, '2026-02-04 21:24:00', '2026-02-04 21:38:34'),
(64, 'Pizza Corner', 'Chicken & Boerewors Medium Pizza', 'Grilled boerewors, caramelized onion, mozzarella and fresh basil', 30000.00, 'MWK', NULL, 1, 0, 0, 0, NULL, 8, '2026-02-04 21:24:00', '2026-02-04 21:38:34'),
(65, 'Pizza Corner', 'Chicken & Boerewors Small', 'Grilled boerewors, caramelized onion, mozzarella and fresh basil', 28000.00, 'MWK', NULL, 1, 0, 0, 0, NULL, 9, '2026-02-04 21:24:00', '2026-02-04 21:38:34'),
(66, 'Pizza Corner', 'Extra-Large Pizza (All varieties)', 'All extra-large pizza\'s', 42000.00, 'MWK', NULL, 1, 0, 0, 0, NULL, 10, '2026-02-04 21:24:00', '2026-02-04 21:38:34'),
(67, 'Snack Corner', 'Cajun Chicken Wings or Drum sticks', 'Southern fried chicken wings and drumstick with cajun seasoning freshly squeezed lemon, crispy chips and chefs style salad with dressing.', 15500.00, 'MWK', NULL, 1, 0, 0, 0, NULL, 1, '2026-02-04 21:24:00', '2026-02-04 21:38:34'),
(68, 'Snack Corner', 'Meat Balls', 'Braised homemade meatballs served in barbeque sauce', 20000.00, 'MWK', NULL, 1, 0, 0, 0, NULL, 2, '2026-02-04 21:24:00', '2026-02-04 21:38:34'),
(69, 'Snack Corner', 'Beef Samosa or Chicken Samosa', 'A very nice & juicy snack to go with your favourite beverage', 18000.00, 'MWK', NULL, 1, 0, 0, 0, NULL, 3, '2026-02-04 21:24:00', '2026-02-04 21:38:34'),
(70, 'Snack Corner', 'Chicken wrap or Beef Wraps', 'Every bite is loaded with juicy flavourful chicken or beef cirantro- lime sauted peppers and onions cool yoghurt served with chips.', 19000.00, 'MWK', NULL, 1, 0, 0, 0, NULL, 4, '2026-02-04 21:24:00', '2026-02-04 21:38:34'),
(71, 'Snack Corner', 'Chicken Fingers', 'Crispy chicken tenders\' hand -breaded with a hint of spices served with a choice dipping sauce.', 15500.00, 'MWK', NULL, 1, 0, 0, 0, NULL, 5, '2026-02-04 21:24:00', '2026-02-04 21:38:34'),
(72, 'Snack Corner', 'Deli-style Sandwich', 'Double cheese and tomatoes one chicken mayo/fried eggs gherkin with tartar sauce accompanied with crispy sliced potatoes, a choice of toasted of brown or white bread.', 18000.00, 'MWK', NULL, 1, 0, 0, 0, NULL, 6, '2026-02-04 21:24:00', '2026-02-04 21:38:34'),
(73, 'Snack Corner', 'Sausages', 'Gilled sausages served with fresh green salads and French fries.', 16000.00, 'MWK', NULL, 1, 0, 0, 0, NULL, 7, '2026-02-04 21:24:00', '2026-02-04 21:38:34'),
(74, 'Snack Corner', 'Omelette or fried Eggs', 'Spanish omelette or fried eggs served with French fries and salads', 12000.00, 'MWK', NULL, 1, 0, 0, 0, NULL, 8, '2026-02-04 21:24:00', '2026-02-04 21:38:34'),
(75, 'Snack Corner', 'Plain chips', 'Freshly made French fries served with green salads', 10000.00, 'MWK', NULL, 1, 0, 0, 0, NULL, 9, '2026-02-04 21:24:00', '2026-02-04 21:38:34'),
(76, 'Snack Corner', 'Chicken Chiwamba (whole)', 'Charcoal grilled local chicken marinated in garlic & lemon juice and chicken spice served with green salads & chips', 40000.00, 'MWK', NULL, 1, 0, 0, 0, NULL, 10, '2026-02-04 21:24:00', '2026-02-04 21:38:34'),
(77, 'Indian Corner', 'Fish Curry', 'Fresh stewed chambo in a curry sauce and other vegetables served with a choice of rice, nsima or chips', 28000.00, 'MWK', NULL, 1, 0, 0, 0, NULL, 1, '2026-02-04 21:24:00', '2026-02-04 21:38:34'),
(78, 'Indian Corner', 'Chicken Butter', 'Pieces of chicken, tossed in a simple spice marinade, light, buttery, creamy tomato sauce served with a choice of chips, nsima or rice', 23500.00, 'MWK', NULL, 1, 0, 0, 0, NULL, 2, '2026-02-04 21:24:00', '2026-02-04 21:38:34'),
(79, 'Indian Corner', 'Beef Curry', 'With succulent meat cooked in aromatic spices, this Indian style beef curry, served with rice, nsima or chips', 24500.00, 'MWK', NULL, 1, 0, 0, 0, NULL, 3, '2026-02-04 21:24:00', '2026-02-04 21:38:34'),
(80, 'Indian Corner', 'Goat Curry', 'Tender and juicy goatmeat, finished in its own juice & curry sauce', 24500.00, 'MWK', NULL, 1, 0, 0, 0, NULL, 4, '2026-02-04 21:24:00', '2026-02-04 21:38:34'),
(81, 'Indian Corner', 'Biriyani Rice', 'A flavourful fragrance of Kilombero rice with tender marinated meat and a blend of spices cooked in a clay pot known as matka', 27000.00, 'MWK', NULL, 1, 0, 0, 0, NULL, 5, '2026-02-04 21:24:00', '2026-02-04 21:38:34'),
(82, 'Liwonde Sun Specialities', 'Jollof Rice', 'A flavourful fragrance of Kilombero rice with tender marinated meat and a blend of spices cooked in a clay pot known as matka', 34000.00, 'MWK', NULL, 1, 0, 0, 0, NULL, 1, '2026-02-04 21:24:00', '2026-02-04 21:38:34'),
(83, 'Liwonde Sun Specialities', 'Okra Soup', 'A flavourful fragrance of Kilombero rice with tender marinated meat and a blend of spices cooked in a clay pot known as matka', 34000.00, 'MWK', NULL, 1, 0, 0, 0, NULL, 2, '2026-02-04 21:24:00', '2026-02-04 21:38:34'),
(84, 'Extras', 'Plain Chapati', 'Plain chapati', 7000.00, 'MWK', NULL, 1, 0, 0, 0, NULL, 1, '2026-02-04 21:24:00', '2026-02-04 21:38:34'),
(85, 'Extras', 'Plain Nsima', 'Plain nsima', 7000.00, 'MWK', NULL, 1, 0, 0, 0, NULL, 2, '2026-02-04 21:24:00', '2026-02-04 21:38:34'),
(86, 'Extras', 'Plain Rice', 'Plain rice', 7000.00, 'MWK', NULL, 1, 0, 0, 0, NULL, 3, '2026-02-04 21:24:00', '2026-02-04 21:38:34'),
(87, 'Extras', 'Plain Chips', 'Plain chips', 10000.00, 'MWK', NULL, 1, 0, 0, 0, NULL, 4, '2026-02-04 21:24:00', '2026-02-04 21:38:34'),
(88, 'Extras', 'Beef or Chicken Samosa Only (4)', 'Beef or chicken samosa only (4 pieces)', 10000.00, 'MWK', NULL, 1, 0, 0, 0, NULL, 5, '2026-02-04 21:24:00', '2026-02-04 21:38:34'),
(89, 'Extras', 'Extra Vegetable/Beans', 'Extra vegetable or beans', 7000.00, 'MWK', NULL, 1, 0, 0, 0, NULL, 6, '2026-02-04 21:24:00', '2026-02-04 21:38:34'),
(90, 'Desserts', 'Banana Custard', 'Amazing dessert to binge on when craving for something sweet.', 15000.00, 'MWK', NULL, 1, 0, 0, 0, NULL, 1, '2026-02-04 21:24:00', '2026-02-04 21:38:34'),
(91, 'Desserts', 'Milk Shake', 'Natural vanilla bean ice cream, dark chocolate truffle sauce, freshly whipped cream and topped with an all-natural Bing cherry', 8500.00, 'MWK', NULL, 1, 0, 0, 0, NULL, 2, '2026-02-04 21:24:00', '2026-02-04 21:38:34'),
(92, 'Desserts', 'Fruit of the Day', 'Enjoy seasonal fruit of your choice, banana, apples, oranges', 5000.00, 'MWK', NULL, 1, 0, 0, 0, NULL, 3, '2026-02-04 21:24:00', '2026-02-04 21:38:34'),
(93, 'Desserts', 'Ice Cream Cup', 'Enjoy a choice, different ice cream flavours, strawberry, vanilla and chocolate.', 5000.00, 'MWK', NULL, 1, 0, 0, 0, NULL, 4, '2026-02-04 21:24:00', '2026-02-04 21:38:34'),
(94, 'Desserts', 'Chocolate Gateaux', 'Chocolate gateaux', 15000.00, 'MWK', NULL, 1, 0, 0, 0, NULL, 5, '2026-02-04 21:24:00', '2026-02-04 21:38:34'),
(95, 'Desserts', 'Fruit Salads (bowl)', 'Fresh fruit salad bowl', 12000.00, 'MWK', NULL, 1, 0, 0, 0, NULL, 6, '2026-02-04 21:24:00', '2026-02-04 21:38:34');

-- --------------------------------------------------------

--
-- Table structure for table `footer_links`
--

CREATE TABLE `footer_links` (
  `id` int NOT NULL,
  `column_name` varchar(100) CHARACTER SET utf8mb4 COLLATE utf8mb4_unicode_ci NOT NULL,
  `link_text` varchar(100) CHARACTER SET utf8mb4 COLLATE utf8mb4_unicode_ci NOT NULL,
  `link_url` varchar(255) CHARACTER SET utf8mb4 COLLATE utf8mb4_unicode_ci NOT NULL,
  `secondary_link_url` varchar(255) COLLATE utf8mb4_unicode_ci DEFAULT NULL,
  `display_order` int DEFAULT '0',
  `is_active` tinyint(1) DEFAULT '1'
) ENGINE=InnoDB DEFAULT CHARSET=utf8mb4 COLLATE=utf8mb4_unicode_ci;

--
-- Dumping data for table `footer_links`
--

INSERT INTO `footer_links` (`id`, `column_name`, `link_text`, `link_url`, `secondary_link_url`, `display_order`, `is_active`) VALUES
(1, 'About Hotel', 'About Us', '#about', 'index.php#about', 1, 1),
(2, 'About Hotel', 'Sustainability', '#facilities', 'index.php#facilities', 2, 1),
(3, 'About Hotel', 'Awards', '#testimonials', 'index.php#testimonials', 3, 1),
(4, 'About Hotel', 'History', '#home', 'index.php#home', 4, 1),
(5, 'Guest Services', 'Rooms & Suites', '#rooms', 'index.php#rooms', 1, 1),
(6, 'Guest Services', 'Facilities', '#facilities', 'index.php#facilities', 2, 1),
(7, 'Guest Services', 'Special Offers', '#home', 'index.php#home', 3, 1),
(8, 'Guest Services', 'Group Bookings', '#home', 'index.php#home', 4, 1),
(9, 'Dining & Entertainment', 'Fine Dining', '#facilities', 'index.php#facilities', 1, 1),
(10, 'Dining & Entertainment', 'Spa Services', '#facilities', 'index.php#facilities', 2, 1),
(11, 'Dining & Entertainment', 'Events & Conferences', '#facilities', 'index.php#facilities', 3, 1),
(12, 'Dining & Entertainment', 'Activities', '#facilities', 'index.php#facilities', 4, 1);

-- --------------------------------------------------------

--
-- Table structure for table `gallery`
--

CREATE TABLE `gallery` (
  `id` int NOT NULL,
  `title` varchar(150) CHARACTER SET utf8mb4 COLLATE utf8mb4_unicode_ci NOT NULL,
  `description` varchar(255) CHARACTER SET utf8mb4 COLLATE utf8mb4_unicode_ci DEFAULT NULL,
  `image_url` varchar(255) CHARACTER SET utf8mb4 COLLATE utf8mb4_unicode_ci NOT NULL,
  `category` varchar(50) CHARACTER SET utf8mb4 COLLATE utf8mb4_unicode_ci NOT NULL,
  `room_id` int DEFAULT NULL,
  `display_order` int DEFAULT '0',
  `is_active` tinyint(1) DEFAULT '1',
  `created_at` timestamp NOT NULL DEFAULT CURRENT_TIMESTAMP
) ENGINE=InnoDB DEFAULT CHARSET=utf8mb4 COLLATE=utf8mb4_unicode_ci;

--
-- Dumping data for table `gallery`
--

INSERT INTO `gallery` (`id`, `title`, `description`, `image_url`, `category`, `room_id`, `display_order`, `is_active`, `created_at`) VALUES
(2, 'Fine Dining Restaurant', 'World-class cuisine', 'images/hotel-exterior-1024x572.jpg', 'dining', NULL, 2, 1, '2026-01-19 20:22:49'),
(3, 'Olympic Pool', 'Heated swimming pool', 'images/hotel-exterior-1024x572.jpg', 'facilities', NULL, 3, 1, '2026-01-19 20:22:49'),
(4, 'Hotel Exterior', 'Main entrance', 'images/hotel-exterior-1024x572.jpg', 'exterior', NULL, 4, 1, '2026-01-19 20:22:49'),
(5, 'Luxury Spa', 'Wellness center', 'images/hotel-exterior-1024x572.jpg', 'facilities', NULL, 5, 1, '2026-01-19 20:22:49'),
(6, 'Sunset View', 'Evening beauty', 'images/hotel-exterior-1024x572.jpg', 'exterior', NULL, 6, 1, '2026-01-19 20:22:49'),
(7, 'Presidential Suite Living Area', 'Spacious living area with premium furnishings', 'images/gallery/hotel-lobby.jpg', 'rooms', NULL, NULL, 1, '2026-01-20 07:57:13'),
(8, 'Hotel Exterior View', 'Stunning hotel facade during golden hour', 'images/gallery/hotel-exterior_1-1024x572.jpg', 'exterior', NULL, 8, 1, '2026-01-20 07:57:13'),
(9, 'Pool Area Relaxation', 'Olympic pool with panoramic views', 'images/gallery/pool-area-1024x683.jpg', 'facilities', NULL, 9, 1, '2026-01-20 07:57:13'),
(10, 'Fitness Excellence', 'State-of-the-art fitness facilities', 'images/gallery/fitness-center-1024x683.jpg', 'facilities', NULL, 10, 1, '2026-01-20 07:57:13'),
(11, 'Presidential Suite Living Area', 'Spacious living area with premium furnishings', 'images/gallery/hotel-lobby.jpg', 'rooms', NULL, NULL, 1, '2026-01-20 08:03:22'),
(12, 'Hotel Exterior View', 'Stunning hotel facade during golden hour', 'images/gallery/hotel-exterior_1-1024x572.jpg', 'exterior', NULL, 8, 1, '2026-01-20 08:03:22'),
(13, 'Pool Area Relaxation', 'Olympic pool with panoramic views', 'images/gallery/pool-area-1024x683.jpg', 'facilities', NULL, 9, 1, '2026-01-20 08:03:22'),
(14, 'Fitness Excellence', 'State-of-the-art fitness facilities', 'images/gallery/fitness-center-1024x683.jpg', 'facilities', NULL, 10, 1, '2026-01-20 08:03:22'),
(15, 'Presidential Suite Living Area', 'Spacious living area with premium furnishings', 'images/gallery/hotel-lobby.jpg', 'rooms', NULL, NULL, 1, '2026-01-20 08:07:18'),
(16, 'Hotel Exterior View', 'Stunning hotel facade during golden hour', 'images/gallery/hotel-exterior_1-1024x572.jpg', 'exterior', NULL, 8, 1, '2026-01-20 08:07:18'),
(17, 'Pool Area Relaxation', 'Olympic pool with panoramic views', 'images/gallery/pool-area-1024x683.jpg', 'facilities', NULL, 9, 1, '2026-01-20 08:07:18'),
(18, 'Fitness Excellence', 'State-of-the-art fitness facilities', 'images/gallery/fitness-center-1024x683.jpg', 'facilities', NULL, 10, 1, '2026-01-20 08:07:18'),
(23, 'Executive Suite - Bedroom', 'Premium bedroom with king bed', 'images/rooms/executive-bedroom.jpg', 'rooms', 2, 1, 1, '2026-01-20 16:07:07'),
(24, 'Executive Suite - Work Area', 'Dedicated workspace with desk and business amenities', 'images/rooms/executive-work.jpg', 'rooms', 2, 2, 1, '2026-01-20 16:07:07'),
(25, 'Executive Suite - Lounge', 'Comfortable lounge area', 'images/rooms/executive-lounge.jpg', 'rooms', 2, 3, 1, '2026-01-20 16:07:07'),
(26, 'Executive Suite - Bathroom', 'Modern bathroom with premium toiletries', 'images/rooms/executive-bathroom.jpg', 'rooms', 2, 4, 1, '2026-01-20 16:07:07'),
(35, 'Executive Suite - Bedroom', 'Premium bedroom with king bed', 'images/rooms/gallery/room_2_gallery_1769091563.png', 'rooms', 2, 1, 1, '2026-01-20 16:31:10'),
(36, 'Executive Suite - Work Area', 'Dedicated workspace with desk and business amenities', 'https://source.unsplash.com/1200x1200/?hotel,workspace,desk', 'rooms', 2, 2, 1, '2026-01-20 16:31:10'),
(37, 'Executive Suite - Lounge', 'Comfortable lounge area', 'https://source.unsplash.com/1200x1200/?hotel,lounge,sofa', 'rooms', 2, 3, 1, '2026-01-20 16:31:10'),
(38, 'Executive Suite - Bathroom', 'Modern bathroom with premium toiletries', 'https://source.unsplash.com/1200x1200/?hotel,bathroom,modern', 'rooms', 2, 4, 1, '2026-01-20 16:31:10'),
(43, 'Bedroom', 'New View', 'images/rooms/gallery/room_4_gallery_1769093132.png', 'rooms', 4, 0, 1, '2026-01-22 14:45:32');

-- --------------------------------------------------------

--
-- Table structure for table `gym_classes`
--

CREATE TABLE `gym_classes` (
  `id` int NOT NULL,
  `title` varchar(150) CHARACTER SET utf8mb4 COLLATE utf8mb4_unicode_ci NOT NULL,
  `description` text CHARACTER SET utf8mb4 COLLATE utf8mb4_unicode_ci,
  `day_label` varchar(120) CHARACTER SET utf8mb4 COLLATE utf8mb4_unicode_ci NOT NULL,
  `time_label` varchar(50) CHARACTER SET utf8mb4 COLLATE utf8mb4_unicode_ci NOT NULL,
  `level_label` varchar(80) CHARACTER SET utf8mb4 COLLATE utf8mb4_unicode_ci DEFAULT 'All Levels',
  `display_order` int DEFAULT '0',
  `is_active` tinyint(1) DEFAULT '1'
) ENGINE=InnoDB DEFAULT CHARSET=utf8mb4 COLLATE=utf8mb4_unicode_ci;

--
-- Dumping data for table `gym_classes`
--

INSERT INTO `gym_classes` (`id`, `title`, `description`, `day_label`, `time_label`, `level_label`, `display_order`, `is_active`) VALUES
(13, 'Morning Yoga Flow', 'Start your day with energizing yoga sequences', 'Monday - Friday', '6:30 AM', 'All Levels', 1, 1),
(14, 'HIIT Bootcamp', 'High-intensity interval training for maximum results', 'Tuesday & Thursday', '7:00 AM', 'Intermediate', 2, 1),
(15, 'Pilates Core', 'Strengthen your core with controlled movements', 'Wednesday & Saturday', '8:00 AM', 'All Levels', 3, 1),
(16, 'Evening Meditation', 'Wind down with guided meditation and breathing', 'Daily', '6:00 PM', 'All Levels', 4, 1);

-- --------------------------------------------------------

--
-- Table structure for table `gym_content`
--

CREATE TABLE `gym_content` (
  `id` int NOT NULL,
  `hero_title` varchar(200) CHARACTER SET utf8mb4 COLLATE utf8mb4_unicode_ci NOT NULL DEFAULT 'Fitness & Wellness Center',
  `hero_subtitle` varchar(200) CHARACTER SET utf8mb4 COLLATE utf8mb4_unicode_ci NOT NULL DEFAULT 'Health & Vitality',
  `hero_description` text CHARACTER SET utf8mb4 COLLATE utf8mb4_unicode_ci,
  `hero_image_path` varchar(255) CHARACTER SET utf8mb4 COLLATE utf8mb4_unicode_ci DEFAULT 'images/gym/hero-bg.jpg',
  `wellness_title` varchar(200) CHARACTER SET utf8mb4 COLLATE utf8mb4_unicode_ci NOT NULL DEFAULT 'Transform Your Body & Mind',
  `wellness_description` text CHARACTER SET utf8mb4 COLLATE utf8mb4_unicode_ci,
  `wellness_image_path` varchar(255) CHARACTER SET utf8mb4 COLLATE utf8mb4_unicode_ci DEFAULT 'images/gym/fitness-center.jpg',
  `badge_text` varchar(120) CHARACTER SET utf8mb4 COLLATE utf8mb4_unicode_ci DEFAULT 'Award-Winning Facilities',
  `personal_training_image_path` varchar(255) CHARACTER SET utf8mb4 COLLATE utf8mb4_unicode_ci DEFAULT 'images/gym/personal-training.jpg',
  `is_active` tinyint(1) DEFAULT '1',
  `created_at` timestamp NOT NULL DEFAULT CURRENT_TIMESTAMP,
  `updated_at` timestamp NOT NULL DEFAULT CURRENT_TIMESTAMP ON UPDATE CURRENT_TIMESTAMP
) ENGINE=InnoDB DEFAULT CHARSET=utf8mb4 COLLATE=utf8mb4_unicode_ci;

--
-- Dumping data for table `gym_content`
--

INSERT INTO `gym_content` (`id`, `hero_title`, `hero_subtitle`, `hero_description`, `hero_image_path`, `wellness_title`, `wellness_description`, `wellness_image_path`, `badge_text`, `personal_training_image_path`, `is_active`, `created_at`, `updated_at`) VALUES
(4, 'Fitness Center', 'Stay Active', 'Our fitness center has the equipment you need to maintain your workout routine while traveling.', 'images/gym/hero-bg.jpg', 'Exercise Facilities', 'We offer basic gym equipment for cardio and strength training. Available to all hotel guests.', 'images/gym/fitness-center.jpg', 'Fitness Facilities Available', 'https://media.gettyimages.com/id/1773192171/photo/smiling-young-woman-leaning-on-barbell-at-health-club.jpg?s=1024x1024&w=gi&k=20&c=pzLyu0hPJmPgKV4TTs1sOld-TSvZ-uCt18LCsR4vsYU=', 1, '2026-01-20 15:26:43', '2026-02-07 02:40:53');

-- --------------------------------------------------------

--
-- Table structure for table `gym_facilities`
--

CREATE TABLE `gym_facilities` (
  `id` int NOT NULL,
  `icon_class` varchar(100) CHARACTER SET utf8mb4 COLLATE utf8mb4_unicode_ci NOT NULL DEFAULT 'fas fa-check',
  `title` varchar(150) CHARACTER SET utf8mb4 COLLATE utf8mb4_unicode_ci NOT NULL,
  `description` text CHARACTER SET utf8mb4 COLLATE utf8mb4_unicode_ci,
  `display_order` int DEFAULT '0',
  `is_active` tinyint(1) DEFAULT '1'
) ENGINE=InnoDB DEFAULT CHARSET=utf8mb4 COLLATE=utf8mb4_unicode_ci;

--
-- Dumping data for table `gym_facilities`
--

INSERT INTO `gym_facilities` (`id`, `icon_class`, `title`, `description`, `display_order`, `is_active`) VALUES
(19, 'fas fa-running', 'Cardio Zone', 'Treadmills, ellipticals, bikes, and rowers with entertainment screens and HR monitoring', 1, 1),
(20, 'fas fa-dumbbell', 'Strength Training', 'Full range of free weights, barbells, and functional rigs', 2, 1),
(21, 'fas fa-child', 'Yoga & Pilates Studio', 'Dedicated studio for yoga, pilates, and meditation with daily classes', 3, 1),
(22, 'fas fa-swimming-pool', 'Lap Pool', '25-meter heated pool ideal for swim workouts and aqua aerobics', 4, 1),
(23, 'fas fa-hot-tub', 'Spa & Sauna', 'Traditional sauna, steam room, and jacuzzi for recovery', 5, 1),
(24, 'fas fa-apple-alt', 'Nutrition Bar', 'Smoothies, protein shakes, and healthy snacks to fuel your workout', 6, 1);

-- --------------------------------------------------------

--
-- Table structure for table `gym_features`
--

CREATE TABLE `gym_features` (
  `id` int NOT NULL,
  `icon_class` varchar(100) CHARACTER SET utf8mb4 COLLATE utf8mb4_unicode_ci NOT NULL DEFAULT 'fas fa-dumbbell',
  `title` varchar(150) CHARACTER SET utf8mb4 COLLATE utf8mb4_unicode_ci NOT NULL,
  `description` text CHARACTER SET utf8mb4 COLLATE utf8mb4_unicode_ci,
  `display_order` int DEFAULT '0',
  `is_active` tinyint(1) DEFAULT '1'
) ENGINE=InnoDB DEFAULT CHARSET=utf8mb4 COLLATE=utf8mb4_unicode_ci;

--
-- Dumping data for table `gym_features`
--

INSERT INTO `gym_features` (`id`, `icon_class`, `title`, `description`, `display_order`, `is_active`) VALUES
(13, 'fas fa-dumbbell', 'Modern Equipment', 'Latest cardio machines, free weights, and resistance training equipment', 1, 1),
(14, 'fas fa-user-md', 'Personal Training', 'Certified trainers available for one-on-one sessions and customized programs', 2, 1),
(15, 'fas fa-spa', 'Spa & Recovery', 'Massage therapy, sauna, and steam rooms for post-workout relaxation', 3, 1),
(16, 'fas fa-clock', 'Flexible Hours', 'Open daily from 5:30 AM to 10:00 PM for your convenience', 4, 1);

-- --------------------------------------------------------

--
-- Table structure for table `gym_inquiries`
--

CREATE TABLE `gym_inquiries` (
  `id` int NOT NULL,
  `reference_number` varchar(20) COLLATE utf8mb4_unicode_ci NOT NULL,
  `name` varchar(255) COLLATE utf8mb4_unicode_ci NOT NULL,
  `email` varchar(255) COLLATE utf8mb4_unicode_ci NOT NULL,
  `phone` varchar(50) COLLATE utf8mb4_unicode_ci NOT NULL,
  `membership_type` varchar(100) COLLATE utf8mb4_unicode_ci DEFAULT NULL,
  `preferred_date` date DEFAULT NULL,
  `preferred_time` time DEFAULT NULL,
  `guests` int DEFAULT '1',
  `message` text COLLATE utf8mb4_unicode_ci,
  `consent` tinyint(1) NOT NULL DEFAULT '0',
  `status` varchar(50) COLLATE utf8mb4_unicode_ci NOT NULL DEFAULT 'new',
  `created_at` timestamp NOT NULL DEFAULT CURRENT_TIMESTAMP,
  `updated_at` timestamp NOT NULL DEFAULT CURRENT_TIMESTAMP ON UPDATE CURRENT_TIMESTAMP
) ENGINE=InnoDB DEFAULT CHARSET=utf8mb4 COLLATE=utf8mb4_unicode_ci;

-- --------------------------------------------------------

--
-- Table structure for table `gym_packages`
--

CREATE TABLE `gym_packages` (
  `id` int NOT NULL,
  `name` varchar(150) CHARACTER SET utf8mb4 COLLATE utf8mb4_unicode_ci NOT NULL,
  `icon_class` varchar(100) CHARACTER SET utf8mb4 COLLATE utf8mb4_unicode_ci DEFAULT 'fas fa-leaf',
  `includes_text` text CHARACTER SET utf8mb4 COLLATE utf8mb4_unicode_ci COMMENT 'Line-separated bullet points',
  `duration_label` varchar(50) CHARACTER SET utf8mb4 COLLATE utf8mb4_unicode_ci DEFAULT NULL,
  `price` decimal(10,2) NOT NULL DEFAULT '0.00',
  `currency_code` varchar(10) CHARACTER SET utf8mb4 COLLATE utf8mb4_unicode_ci DEFAULT 'MWK',
  `cta_text` varchar(120) CHARACTER SET utf8mb4 COLLATE utf8mb4_unicode_ci DEFAULT 'Book Package',
  `cta_link` varchar(255) CHARACTER SET utf8mb4 COLLATE utf8mb4_unicode_ci DEFAULT '#book',
  `is_featured` tinyint(1) DEFAULT '0',
  `display_order` int DEFAULT '0',
  `is_active` tinyint(1) DEFAULT '1'
) ENGINE=InnoDB DEFAULT CHARSET=utf8mb4 COLLATE=utf8mb4_unicode_ci;

--
-- Dumping data for table `gym_packages`
--

INSERT INTO `gym_packages` (`id`, `name`, `icon_class`, `includes_text`, `duration_label`, `price`, `currency_code`, `cta_text`, `cta_link`, `is_featured`, `display_order`, `is_active`) VALUES
(7, 'Rejuvenation Retreat', 'fas fa-leaf', '3 personal training sessions\nDaily yoga classes\n2 spa massages\nNutrition consultation\nComplimentary smoothie bar access', '5 Days', 45000.00, 'MWK', 'Book Package', '#book', 0, 1, 1),
(8, 'Ultimate Wellness', 'fas fa-star', '5 personal training sessions\nUnlimited group classes\n4 spa treatments\nFull nutrition program\nFitness assessment & tracking\nComplimentary wellness amenities', '7 Days', 8500.00, 'MWK', 'Book Package', '#book', 1, 2, 1),
(9, 'Fitness Kickstart', 'fas fa-dumbbell', '2 personal training sessions\nGroup class pass (5 classes)\n1 spa massage\nFitness assessment\nWorkout plan to take home', '3 Days', 28000.00, 'MWK', 'Book Package', '#book', 0, 3, 1);

-- --------------------------------------------------------

--
-- Table structure for table `hero_slides`
--

CREATE TABLE `hero_slides` (
  `id` int NOT NULL,
  `title` varchar(200) CHARACTER SET utf8mb4 COLLATE utf8mb4_unicode_ci NOT NULL,
  `subtitle` varchar(200) CHARACTER SET utf8mb4 COLLATE utf8mb4_unicode_ci DEFAULT NULL,
  `description` text CHARACTER SET utf8mb4 COLLATE utf8mb4_unicode_ci,
  `image_path` varchar(255) CHARACTER SET utf8mb4 COLLATE utf8mb4_unicode_ci NOT NULL,
  `video_path` varchar(255) COLLATE utf8mb4_unicode_ci DEFAULT NULL COMMENT 'Path to video file or URL',
  `video_type` varchar(50) COLLATE utf8mb4_unicode_ci DEFAULT NULL COMMENT 'Video MIME type',
  `primary_cta_text` varchar(100) CHARACTER SET utf8mb4 COLLATE utf8mb4_unicode_ci DEFAULT NULL,
  `primary_cta_link` varchar(255) CHARACTER SET utf8mb4 COLLATE utf8mb4_unicode_ci DEFAULT NULL,
  `secondary_cta_text` varchar(100) CHARACTER SET utf8mb4 COLLATE utf8mb4_unicode_ci DEFAULT NULL,
  `secondary_cta_link` varchar(255) CHARACTER SET utf8mb4 COLLATE utf8mb4_unicode_ci DEFAULT NULL,
  `is_active` tinyint(1) DEFAULT '1',
  `display_order` int DEFAULT '0',
  `created_at` timestamp NOT NULL DEFAULT CURRENT_TIMESTAMP,
  `updated_at` timestamp NOT NULL DEFAULT CURRENT_TIMESTAMP ON UPDATE CURRENT_TIMESTAMP
) ENGINE=InnoDB DEFAULT CHARSET=utf8mb4 COLLATE=utf8mb4_unicode_ci;

--
-- Dumping data for table `hero_slides`
--

INSERT INTO `hero_slides` (`id`, `title`, `subtitle`, `description`, `image_path`, `video_path`, `video_type`, `primary_cta_text`, `primary_cta_link`, `secondary_cta_text`, `secondary_cta_link`, `is_active`, `display_order`, `created_at`, `updated_at`) VALUES
(1, 'Welcome to Liwonde Sun Hotel', 'Your Comfortable Stay in Malawi', 'Enjoy a pleasant and affordable stay with us. Clean rooms, friendly service, and great value for money.', 'images/hero/slide1.jpg', NULL, NULL, 'Book a Room', '#book', 'View Rooms', '#rooms', 1, 1, '2026-01-20 07:55:39', '2026-02-07 02:40:52'),
(2, 'Beautiful River Views', 'Scenic Surroundings', 'Wake up to lovely views of the Shire River and enjoy the peaceful atmosphere of our hotel.', 'images/hero/slide2.jpg', NULL, NULL, 'See Gallery', '#gallery', 'Plan Your Stay', '#contact', 1, 2, '2026-01-20 07:55:39', '2026-02-07 02:40:52'),
(3, 'Good Food & Drinks', 'Tasty Local & International Cuisine', 'Enjoy satisfying meals prepared with care. Our restaurant offers a variety of dishes at reasonable prices.', 'images/hero/slide3.jpg', NULL, NULL, 'View Menu', '#facilities', 'Contact Us', '#contact', 1, 3, '2026-01-20 07:55:39', '2026-02-07 02:40:52'),
(4, 'Relax and Unwind', 'Comfortable Facilities', 'Take a dip in our pool, work out in the gym, or simply relax in our comfortable common areas.', 'images/hero/slide4.jpg', NULL, NULL, 'Explore Facilities', '#facilities', 'Book Now', '#book', 1, 4, '2026-01-20 07:55:39', '2026-02-07 02:40:52');

-- --------------------------------------------------------

--
-- Table structure for table `hotel_gallery`
--

CREATE TABLE `hotel_gallery` (
  `id` int UNSIGNED NOT NULL,
  `title` varchar(255) CHARACTER SET utf8mb4 COLLATE utf8mb4_unicode_ci NOT NULL,
  `description` text CHARACTER SET utf8mb4 COLLATE utf8mb4_unicode_ci,
  `image_url` varchar(500) CHARACTER SET utf8mb4 COLLATE utf8mb4_unicode_ci NOT NULL,
  `video_path` varchar(500) CHARACTER SET utf8mb4 COLLATE utf8mb4_unicode_ci DEFAULT NULL COMMENT 'Path to video file or URL (e.g., Getty Images, YouTube, Vimeo)',
  `video_type` varchar(50) CHARACTER SET utf8mb4 COLLATE utf8mb4_unicode_ci DEFAULT NULL COMMENT 'Video MIME type (video/mp4, video/webm, etc.) or platform (youtube, vimeo, getty)',
  `category` varchar(100) CHARACTER SET utf8mb4 COLLATE utf8mb4_unicode_ci DEFAULT 'general' COMMENT 'e.g., exterior, interior, rooms, facilities, dining, events',
  `is_active` tinyint(1) NOT NULL DEFAULT '1',
  `display_order` int NOT NULL DEFAULT '0',
  `created_at` timestamp NOT NULL DEFAULT CURRENT_TIMESTAMP,
  `updated_at` timestamp NOT NULL DEFAULT CURRENT_TIMESTAMP ON UPDATE CURRENT_TIMESTAMP
) ENGINE=InnoDB DEFAULT CHARSET=utf8mb4 COLLATE=utf8mb4_unicode_ci;

--
-- Dumping data for table `hotel_gallery`
--

INSERT INTO `hotel_gallery` (`id`, `title`, `description`, `image_url`, `video_path`, `video_type`, `category`, `is_active`, `display_order`, `created_at`, `updated_at`) VALUES
(1, 'Hotel Front View', 'Welcome to Liwonde Sun Hotel', 'images/hotel_gallery/Front.jpeg', NULL, NULL, 'exterior', 1, 1, '2026-01-20 17:25:33', '2026-02-07 02:40:53'),
(2, 'Pool Area', 'Our outdoor swimming pool', 'images/hotel_gallery/pool.jpeg', NULL, NULL, 'facilities', 1, 2, '2026-01-20 17:25:33', '2026-02-07 02:40:53'),
(3, 'Restaurant', 'Our dining area', 'images/hotel_gallery/outside.jpeg', NULL, NULL, 'dining', 1, 3, '2026-01-20 17:25:33', '2026-02-07 02:40:53'),
(4, 'Guest Room', 'Comfortable room with private bathroom', 'images/hotel_gallery/chill.jpeg', NULL, NULL, 'rooms', 1, 4, '2026-01-20 17:25:33', '2026-02-07 02:40:53');

-- --------------------------------------------------------

--
-- Table structure for table `menu_categories`
--

CREATE TABLE `menu_categories` (
  `id` int NOT NULL,
  `name` varchar(100) CHARACTER SET utf8mb4 COLLATE utf8mb4_unicode_ci NOT NULL,
  `slug` varchar(100) CHARACTER SET utf8mb4 COLLATE utf8mb4_unicode_ci NOT NULL,
  `description` text CHARACTER SET utf8mb4 COLLATE utf8mb4_unicode_ci,
  `display_order` int DEFAULT '0',
  `is_active` tinyint(1) DEFAULT '1'
) ENGINE=InnoDB DEFAULT CHARSET=utf8mb4 COLLATE=utf8mb4_unicode_ci;

--
-- Dumping data for table `menu_categories`
--

INSERT INTO `menu_categories` (`id`, `name`, `slug`, `description`, `display_order`, `is_active`) VALUES
(6, 'Breakfast', 'breakfast', 'Start your day with our delicious breakfast options', 1, 1),
(7, 'Starter', 'starter', 'Appetizing starters to begin your meal', 2, 1),
(8, 'Chicken Corner', 'chicken-corner', 'Delicious chicken dishes prepared to perfection', 3, 1),
(9, 'Meat Corner', 'meat-corner', 'Premium meat dishes for carnivores', 4, 1),
(10, 'Fish Corner', 'fish-corner', 'Fresh fish and seafood from Lake Malawi', 5, 1),
(11, 'Pasta Corner', 'pasta-corner', 'Italian pasta classics and favorites', 6, 1),
(12, 'Burger Corner', 'burger-corner', 'Juicy burgers made with premium Malawian beef', 7, 1),
(13, 'Pizza Corner', 'pizza-corner', 'Authentic pizzas with various toppings', 8, 1),
(14, 'Snack Corner', 'snack-corner', 'Quick bites and light snacks', 9, 1),
(15, 'Indian Corner', 'indian-corner', 'Authentic Indian cuisine with aromatic spices', 10, 1),
(16, 'Liwonde Sun Specialities', 'liwonde-sun-specialities', 'Our signature special dishes', 11, 1),
(17, 'Extras', 'extras', 'Additional sides and extras', 12, 1),
(18, 'Desserts', 'desserts', 'Sweet treats to end your meal', 13, 1);

-- --------------------------------------------------------

--
-- Table structure for table `migration_log`
--

CREATE TABLE `migration_log` (
  `migration_id` int UNSIGNED NOT NULL,
  `migration_name` varchar(100) COLLATE utf8mb4_unicode_ci NOT NULL COMMENT 'Unique name of the migration',
  `migration_date` timestamp NOT NULL DEFAULT CURRENT_TIMESTAMP COMMENT 'When the migration was run',
  `status` enum('pending','in_progress','completed','failed') COLLATE utf8mb4_unicode_ci NOT NULL DEFAULT 'pending' COMMENT 'Migration status',
  `created_at` timestamp NOT NULL DEFAULT CURRENT_TIMESTAMP
) ENGINE=InnoDB DEFAULT CHARSET=utf8mb4 COLLATE=utf8mb4_unicode_ci COMMENT='Log of database migrations';

--
-- Dumping data for table `migration_log`
--

INSERT INTO `migration_log` (`migration_id`, `migration_name`, `migration_date`, `status`, `created_at`) VALUES
(1, 'payments_accounting_system', '2026-01-30 00:12:22', 'completed', '2026-01-30 00:12:22'),
(7, 'occupancy_pricing_system', '2026-02-05 12:48:15', 'completed', '2026-02-05 12:48:15');

-- --------------------------------------------------------

--
-- Table structure for table `newsletter_subscribers`
--

CREATE TABLE `newsletter_subscribers` (
  `id` int NOT NULL,
  `email` varchar(150) CHARACTER SET utf8mb4 COLLATE utf8mb4_unicode_ci NOT NULL,
  `subscription_status` enum('active','unsubscribed') CHARACTER SET utf8mb4 COLLATE utf8mb4_unicode_ci DEFAULT 'active',
  `subscribed_at` timestamp NOT NULL DEFAULT CURRENT_TIMESTAMP,
  `unsubscribed_at` timestamp NULL DEFAULT NULL
) ENGINE=InnoDB DEFAULT CHARSET=utf8mb4 COLLATE=utf8mb4_unicode_ci;

-- --------------------------------------------------------

--
-- Table structure for table `page_heroes`
--

CREATE TABLE `page_heroes` (
  `id` int NOT NULL,
  `page_slug` varchar(100) CHARACTER SET utf8mb4 COLLATE utf8mb4_unicode_ci NOT NULL COMMENT 'Unique page identifier e.g., restaurant, conference',
  `page_url` varchar(255) CHARACTER SET utf8mb4 COLLATE utf8mb4_unicode_ci NOT NULL COMMENT 'URL path e.g., /restaurant.php',
  `hero_title` varchar(200) CHARACTER SET utf8mb4 COLLATE utf8mb4_unicode_ci NOT NULL,
  `hero_subtitle` varchar(200) CHARACTER SET utf8mb4 COLLATE utf8mb4_unicode_ci DEFAULT NULL,
  `hero_description` text CHARACTER SET utf8mb4 COLLATE utf8mb4_unicode_ci,
  `hero_image_path` varchar(255) CHARACTER SET utf8mb4 COLLATE utf8mb4_unicode_ci DEFAULT NULL,
  `hero_video_path` varchar(255) CHARACTER SET utf8mb4 COLLATE utf8mb4_unicode_ci DEFAULT NULL COMMENT 'Path to video file or URL (e.g., Getty Images, YouTube, Vimeo)',
  `hero_video_type` varchar(50) CHARACTER SET utf8mb4 COLLATE utf8mb4_unicode_ci DEFAULT NULL COMMENT 'Video MIME type (video/mp4, video/webm, etc.) or platform (youtube, vimeo, getty)',
  `is_active` tinyint(1) NOT NULL DEFAULT '1',
  `display_order` int NOT NULL DEFAULT '0',
  `created_at` timestamp NOT NULL DEFAULT CURRENT_TIMESTAMP,
  `updated_at` timestamp NOT NULL DEFAULT CURRENT_TIMESTAMP ON UPDATE CURRENT_TIMESTAMP
) ENGINE=InnoDB DEFAULT CHARSET=utf8mb4 COLLATE=utf8mb4_unicode_ci;

--
-- Dumping data for table `page_heroes`
--

INSERT INTO `page_heroes` (`id`, `page_slug`, `page_url`, `hero_title`, `hero_subtitle`, `hero_description`, `hero_image_path`, `hero_video_path`, `hero_video_type`, `is_active`, `display_order`, `created_at`, `updated_at`) VALUES
(1, 'restaurant', '/restaurant.php', 'Restaurant & Bar', 'Good Food & Drinks', 'Enjoy tasty meals and refreshing drinks at our restaurant. We serve local and international dishes at reasonable prices.', 'https://media.gettyimages.com/id/1413260731/photo/a-journalist-team-writing-or-working-on-a-story-together-at-a-media-company-in-a-boardroom.jpg?s=612x612&w=0&k=20&c=EFu8OY0uCLKrtGIGCZ6tHZpUGXJa1gHimC4pf5Iim40=', 'https://media.gettyimages.com/id/2219019953/video/group-of-mature-adult-friends-quickly-booking-a-hotel-on-smartphone-while-exploring-the-temple.mp4?s=mp4-640x640-gi&k=20&c=AklHmBkwIrOueUSYHFDoVY2nN7tD4xkV3QAFYCzG4ts=', 'video/mp4', 1, 1, '2026-01-25 18:03:42', '2026-02-07 02:40:52'),
(2, 'conference', '/conference.php', 'Conference & Meeting Room', 'Event Space Available', 'We have meeting rooms available for conferences, workshops, and events. Basic amenities included.', 'https://media.gettyimages.com/id/1413260731/photo/a-journalist-team-writing-or-working-on-a-story-together-at-a-media-company-in-a-boardroom.jpg?s=612x612&w=0&k=20&c=EFu8OY0uCLKrtGIGCZ6tHZpUGXJa1gHimC4pf5Iim40=', NULL, NULL, 1, 2, '2026-01-25 18:03:42', '2026-02-07 02:40:52'),
(3, 'events', '/events.php', 'Events', 'What\'s Happening', 'Join us for special events and activities at the hotel.', 'https://media.gettyimages.com/id/1434116601/photo/zoom-of-hands-laptop-search-or-business-meeting-for-teamwork-marketing-planning-or-target.jpg?s=612x612&w=0&k=20&c=oIngQBqrLY43jKRMhSlTs9xxtGx1YJdrFHXeXchCssg=', NULL, NULL, 1, 3, '2026-01-25 18:03:42', '2026-02-07 02:40:52'),
(4, 'rooms-showcase', '/rooms-showcase.php', 'Our Rooms', 'Comfortable Accommodation', 'Choose from our range of clean, comfortable rooms at affordable prices.', 'https://media.gettyimages.com/id/1382975780/photo/businessman-with-cardkey-unlocking-door-in-hotel.jpg?s=612x612&w=0&k=20&c=yltGZmc_7emEGkP1UAPndO25Iih48zGnVJsqVp38Me8=', NULL, NULL, 1, 4, '2026-01-25 19:08:32', '2026-02-07 02:40:53'),
(6, 'rooms-gallery', '/rooms-gallery.php', 'Our Rooms', 'Comfortable Accommodation', 'Choose from our range of clean, comfortable rooms at affordable prices.', 'https://media.gettyimages.com/id/1382975780/photo/businessman-with-cardkey-unlocking-door-in-hotel.jpg?s=612x612&w=0&k=20&c=yltGZmc_7emEGkP1UAPndO25Iih48zGnVJsqVp38Me8=', NULL, NULL, 1, 5, '2026-01-25 19:08:32', '2026-02-07 02:40:53'),
(7, 'gym', '/gym.php', 'Fitness Center', 'Stay Active', 'Our gym has basic equipment for your workout needs.', 'images/gym/fitness-center.jpg', NULL, NULL, 1, 6, '2026-01-25 19:08:32', '2026-02-07 02:40:53');

-- --------------------------------------------------------

--
-- Table structure for table `page_loaders`
--

CREATE TABLE `page_loaders` (
  `id` int NOT NULL,
  `page_slug` varchar(255) NOT NULL,
  `subtext` varchar(255) NOT NULL,
  `is_active` tinyint(1) DEFAULT '1',
  `created_at` timestamp NULL DEFAULT CURRENT_TIMESTAMP,
  `updated_at` timestamp NULL DEFAULT CURRENT_TIMESTAMP ON UPDATE CURRENT_TIMESTAMP
) ENGINE=InnoDB DEFAULT CHARSET=utf8mb4 COLLATE=utf8mb4_0900_ai_ci;

--
-- Dumping data for table `page_loaders`
--

INSERT INTO `page_loaders` (`id`, `page_slug`, `subtext`, `is_active`, `created_at`, `updated_at`) VALUES
(1, 'index', 'Loading Excellence...', 1, '2026-01-26 08:37:51', '2026-01-26 08:37:51'),
(2, 'restaurant', 'Preparing Culinary Delights...', 1, '2026-01-26 08:37:51', '2026-01-26 08:37:51'),
(3, 'gym', 'Getting Fit...', 1, '2026-01-26 08:37:51', '2026-01-26 08:37:51'),
(4, 'conference', 'Setting Up Your Event...', 1, '2026-01-26 08:37:51', '2026-01-26 08:37:51'),
(5, 'events', 'Loading Exciting Events...', 1, '2026-01-26 08:37:51', '2026-01-26 08:37:51'),
(6, 'room', 'Finding Your Perfect Room...', 1, '2026-01-26 08:37:51', '2026-01-26 08:37:51'),
(7, 'booking', 'Processing Your Reservation...', 1, '2026-01-26 08:37:51', '2026-01-26 08:37:51'),
(8, 'rooms-gallery', 'Finding Your Perfect Room...', 1, '2026-01-26 08:37:51', '2026-01-26 08:37:51');

-- --------------------------------------------------------

--
-- Table structure for table `password_resets`
--

CREATE TABLE `password_resets` (
  `id` int UNSIGNED NOT NULL,
  `user_id` int UNSIGNED NOT NULL,
  `token` varchar(255) COLLATE utf8mb4_unicode_ci NOT NULL,
  `expires_at` datetime NOT NULL,
  `used_at` datetime DEFAULT NULL,
  `created_at` datetime DEFAULT CURRENT_TIMESTAMP
) ENGINE=InnoDB DEFAULT CHARSET=utf8mb4 COLLATE=utf8mb4_unicode_ci;

--
-- Dumping data for table `password_resets`
--

INSERT INTO `password_resets` (`id`, `user_id`, `token`, `expires_at`, `used_at`, `created_at`) VALUES
(1, 1, 'c0e470c230362e27ee9d32dc6ef45c9c57237d8c6d6feafcf7fe77c111b73147', '2026-02-07 14:24:54', NULL, '2026-02-07 13:24:52');

-- --------------------------------------------------------

--
-- Table structure for table `payments`
--

CREATE TABLE `payments` (
  `id` int UNSIGNED NOT NULL,
  `payment_reference` varchar(50) COLLATE utf8mb4_unicode_ci NOT NULL COMMENT 'Unique payment reference like PAY-2026-000001',
  `booking_type` enum('room','conference') COLLATE utf8mb4_unicode_ci NOT NULL COMMENT 'Type of booking',
  `booking_id` int UNSIGNED NOT NULL COMMENT 'ID from bookings or conference_inquiries table',
  `conference_id` int UNSIGNED DEFAULT NULL COMMENT 'Optional link to conference_inquiries table for conference-specific payments',
  `booking_reference` varchar(50) COLLATE utf8mb4_unicode_ci NOT NULL COMMENT 'Reference from booking (LSH2026xxxx or CONF-2026-xxxx)',
  `payment_date` date NOT NULL,
  `payment_amount` decimal(10,2) NOT NULL COMMENT 'Amount paid before VAT',
  `vat_rate` decimal(5,2) NOT NULL DEFAULT '0.00' COMMENT 'VAT percentage (e.g., 16.50 for 16.5%)',
  `vat_amount` decimal(10,2) NOT NULL DEFAULT '0.00' COMMENT 'Calculated VAT amount',
  `total_amount` decimal(10,2) NOT NULL COMMENT 'Total including VAT',
  `payment_method` enum('cash','bank_transfer','mobile_money','credit_card','debit_card','cheque','other') COLLATE utf8mb4_unicode_ci NOT NULL DEFAULT 'cash',
  `payment_type` enum('deposit','full_payment','partial_payment','refund','adjustment') COLLATE utf8mb4_unicode_ci DEFAULT NULL COMMENT 'Type of payment transaction',
  `payment_reference_number` varchar(100) COLLATE utf8mb4_unicode_ci DEFAULT NULL COMMENT 'Transaction ID, receipt number, or cheque number',
  `payment_status` enum('pending','partial','paid','completed','refunded','cancelled') COLLATE utf8mb4_unicode_ci DEFAULT 'pending',
  `invoice_generated` tinyint(1) NOT NULL DEFAULT '0' COMMENT 'Whether invoice has been generated',
  `invoice_number` varchar(50) COLLATE utf8mb4_unicode_ci DEFAULT NULL COMMENT 'Invoice number (e.g., INV-2026-000001)',
  `amount` decimal(10,2) DEFAULT '0.00' COMMENT 'Additional payment amount field - coexists with payment_amount',
  `status` enum('pending','completed','failed','refunded') COLLATE utf8mb4_unicode_ci DEFAULT 'pending' COMMENT 'Additional payment status field - coexists with payment_status',
  `transaction_id` varchar(100) COLLATE utf8mb4_unicode_ci DEFAULT NULL COMMENT 'Additional transaction reference field - coexists with payment_reference_number',
  `invoice_path` varchar(255) COLLATE utf8mb4_unicode_ci DEFAULT NULL COMMENT 'Path to generated invoice file',
  `notes` text COLLATE utf8mb4_unicode_ci COMMENT 'Additional payment notes',
  `recorded_by` int UNSIGNED DEFAULT NULL COMMENT 'Admin user who recorded the payment',
  `created_at` timestamp NOT NULL DEFAULT CURRENT_TIMESTAMP,
  `updated_at` timestamp NOT NULL DEFAULT CURRENT_TIMESTAMP ON UPDATE CURRENT_TIMESTAMP,
  `cc_emails` text COLLATE utf8mb4_unicode_ci COMMENT 'Additional CC email addresses for payment receipt',
  `receipt_number` varchar(50) COLLATE utf8mb4_unicode_ci DEFAULT NULL COMMENT 'Sequential receipt number for payments',
  `processed_by` varchar(100) COLLATE utf8mb4_unicode_ci DEFAULT NULL COMMENT 'Admin user who processed the payment',
  `deleted_at` timestamp NULL DEFAULT NULL COMMENT 'Soft delete timestamp'
) ENGINE=InnoDB DEFAULT CHARSET=utf8mb4 COLLATE=utf8mb4_unicode_ci COMMENT='All payment transactions for room and conference bookings';

--
-- Dumping data for table `payments`
--

INSERT INTO `payments` (`id`, `payment_reference`, `booking_type`, `booking_id`, `conference_id`, `booking_reference`, `payment_date`, `payment_amount`, `vat_rate`, `vat_amount`, `total_amount`, `payment_method`, `payment_type`, `payment_reference_number`, `payment_status`, `invoice_generated`, `invoice_number`, `amount`, `status`, `transaction_id`, `invoice_path`, `notes`, `recorded_by`, `created_at`, `updated_at`, `cc_emails`, `receipt_number`, `processed_by`, `deleted_at`) VALUES
(8, 'PAY-2026-000027', 'room', 27, NULL, 'LSH20262851', '2026-02-07', 920000.00, 16.50, 151800.00, 1071800.00, 'cash', 'full_payment', NULL, 'completed', 1, 'INV-2026-001001', 0.00, 'completed', NULL, 'invoices/INV-2026-001001.html', NULL, 2, '2026-02-07 00:21:44', '2026-02-07 00:21:52', NULL, NULL, NULL, NULL),
(9, 'PAY-2026-000026', 'room', 26, NULL, 'LSH20262435', '2026-02-07', 405000.00, 16.50, 66825.00, 471825.00, 'cash', 'full_payment', NULL, 'completed', 1, 'INV-2026-001002', 0.00, 'completed', NULL, 'invoices/INV-2026-001002.html', NULL, 2, '2026-02-07 00:24:20', '2026-02-07 00:24:26', NULL, NULL, NULL, NULL);

-- --------------------------------------------------------

--
-- Table structure for table `policies`
--

CREATE TABLE `policies` (
  `id` int NOT NULL,
  `slug` varchar(100) CHARACTER SET utf8mb4 COLLATE utf8mb4_unicode_ci NOT NULL,
  `title` varchar(150) CHARACTER SET utf8mb4 COLLATE utf8mb4_unicode_ci NOT NULL,
  `summary` varchar(255) CHARACTER SET utf8mb4 COLLATE utf8mb4_unicode_ci DEFAULT NULL,
  `content` text CHARACTER SET utf8mb4 COLLATE utf8mb4_unicode_ci NOT NULL,
  `display_order` int DEFAULT '0',
  `is_active` tinyint(1) DEFAULT '1',
  `updated_at` timestamp NOT NULL DEFAULT CURRENT_TIMESTAMP ON UPDATE CURRENT_TIMESTAMP
) ENGINE=InnoDB DEFAULT CHARSET=utf8mb4 COLLATE=utf8mb4_unicode_ci;

--
-- Dumping data for table `policies`
--

INSERT INTO `policies` (`id`, `slug`, `title`, `summary`, `content`, `display_order`, `is_active`, `updated_at`) VALUES
(1, 'booking-policy', 'Booking Policy', 'Simple booking terms', 'Bookings can be made by phone or email. A deposit may be required to confirm your reservation. Please contact us for changes to your booking.', 1, 1, '2026-02-07 02:40:53'),
(2, 'cancellation-policy', 'Cancellation Policy', 'Fair cancellation terms', 'Cancellations made at least 48 hours before arrival will receive a full refund. Cancellations within 48 hours may be charged one night.', 2, 1, '2026-02-07 02:40:53'),
(3, 'dining-policy', 'Dining Policy', 'Elegant dining etiquette', 'Smart casual dress code applies after 6pm. Outside food and beverages are not permitted in dining venues. Allergy and dietary requests are accommodated with advance notice.', 3, 1, '2026-01-20 10:54:23'),
(4, 'faqs', 'FAQs', 'Quick answers to common questions', 'Check-in: 14:00, Check-out: 11:00. Airport transfers can be arranged. Children are welcome; extra beds available on request. High-speed WiFi is complimentary throughout the property.', 4, 1, '2026-01-20 10:54:23');

-- --------------------------------------------------------

--
-- Table structure for table `restaurant_gallery`
--

CREATE TABLE `restaurant_gallery` (
  `id` int NOT NULL,
  `image_path` varchar(255) CHARACTER SET utf8mb4 COLLATE utf8mb4_unicode_ci NOT NULL,
  `caption` varchar(255) CHARACTER SET utf8mb4 COLLATE utf8mb4_unicode_ci DEFAULT NULL,
  `category` varchar(50) CHARACTER SET utf8mb4 COLLATE utf8mb4_unicode_ci DEFAULT 'restaurant' COMMENT 'restaurant, bar, dining-area, food',
  `display_order` int DEFAULT '0',
  `is_active` tinyint(1) DEFAULT '1',
  `created_at` timestamp NOT NULL DEFAULT CURRENT_TIMESTAMP
) ENGINE=InnoDB DEFAULT CHARSET=utf8mb4 COLLATE=utf8mb4_unicode_ci;

--
-- Dumping data for table `restaurant_gallery`
--

INSERT INTO `restaurant_gallery` (`id`, `image_path`, `caption`, `category`, `display_order`, `is_active`, `created_at`) VALUES
(2, 'https://media.gettyimages.com/id/2076075171/photo/abstract-defocused-background-of-restaurant.jpg?s=612x612&w=0&k=20&c=_KsEUAChBiOQDEMP6bumoJPoHkD5WTFmPBh1R1oeTz8=', 'Intimate indoor seating', 'dining-area', 2, 1, '2026-01-20 14:17:17'),
(3, 'https://media.gettyimages.com/id/1758301432/photo/luxury-cocktails-dark-mood-dark-delicious-cocktails-for-brunch-delight.jpg?s=612x612&w=0&k=20&c=UO2273jUYp1WvoWFbJklxEZDjtHKQwVDcKe8ziDqo5A=', 'Premium bar with signature cocktails', 'bar', 3, 1, '2026-01-20 14:17:17'),
(4, 'https://art.whisk.com/image/upload/fl_progressive,h_560,w_560,c_fill,dpr_2/v1650641489/v3/user-recipes/zurh6pbpesx0f3nzbil7.jpg', 'Fresh seafood platter', 'food', 4, 1, '2026-01-20 14:17:17'),
(13, 'https://media.gettyimages.com/id/1400584557/photo/happy-woman-toasting-with-a-glass-of-wine-during-a-dinner-celebration.jpg?s=612x612&w=0&k=20&c=FXRZHwaTK0iIj3sntl0v5GokMf57dB1jVOn9h7zkUR8=', 'Elegant dining area with panoramic views', 'dining-area', 1, 1, '2026-01-20 15:22:41'),
(17, 'https://media.gettyimages.com/id/1494508942/photo/chef.jpg?s=612x612&w=0&k=20&c=bQGrV0fE-q-mynbVI1DOunZdwte9cyQ0dBf4_m8TUmQ=', 'Fine dining experience', 'restaurant', 5, 1, '2026-01-20 15:22:41'),
(18, 'https://media.gettyimages.com/id/1272158224/photo/using-a-bbq-blower-to-stoke-coal-on-a-simple-barbecue-grill.jpg?s=612x612&w=0&k=20&c=BugTQ1FTnUH7nAdJc4PKNM0YJcgVF8a3Y44Zqv50kqs=', 'Alfresco dining terrace', 'dining-area', 6, 1, '2026-01-20 15:22:41');

-- --------------------------------------------------------

--
-- Table structure for table `reviews`
--

CREATE TABLE `reviews` (
  `id` int NOT NULL,
  `booking_id` int UNSIGNED DEFAULT NULL COMMENT 'Link to bookings table if guest stayed',
  `room_id` int DEFAULT NULL COMMENT 'Link to rooms table',
  `review_type` enum('general','room','restaurant','spa','conference','gym','service') COLLATE utf8mb4_unicode_ci DEFAULT 'general',
  `guest_name` varchar(255) CHARACTER SET utf8mb4 COLLATE utf8mb4_unicode_ci NOT NULL COMMENT 'Name of reviewer',
  `guest_email` varchar(255) CHARACTER SET utf8mb4 COLLATE utf8mb4_unicode_ci NOT NULL COMMENT 'Email of reviewer',
  `rating` int NOT NULL COMMENT 'Overall rating from 1 to 5 stars',
  `title` varchar(255) CHARACTER SET utf8mb4 COLLATE utf8mb4_unicode_ci NOT NULL COMMENT 'Review title',
  `comment` text CHARACTER SET utf8mb4 COLLATE utf8mb4_unicode_ci NOT NULL COMMENT 'Review content',
  `service_rating` int DEFAULT NULL COMMENT 'Service rating from 1 to 5',
  `cleanliness_rating` int DEFAULT NULL COMMENT 'Cleanliness rating from 1 to 5',
  `location_rating` int DEFAULT NULL COMMENT 'Location rating from 1 to 5',
  `value_rating` int DEFAULT NULL COMMENT 'Value rating from 1 to 5',
  `status` enum('pending','approved','rejected') CHARACTER SET utf8mb4 COLLATE utf8mb4_unicode_ci NOT NULL DEFAULT 'pending' COMMENT 'Moderation status',
  `created_at` timestamp NOT NULL DEFAULT CURRENT_TIMESTAMP COMMENT 'Review submission date',
  `updated_at` timestamp NOT NULL DEFAULT CURRENT_TIMESTAMP ON UPDATE CURRENT_TIMESTAMP COMMENT 'Last update date'
) ENGINE=InnoDB DEFAULT CHARSET=utf8mb4 COLLATE=utf8mb4_unicode_ci COMMENT='Guest reviews with detailed ratings';

--
-- Dumping data for table `reviews`
--

INSERT INTO `reviews` (`id`, `booking_id`, `room_id`, `review_type`, `guest_name`, `guest_email`, `rating`, `title`, `comment`, `service_rating`, `cleanliness_rating`, `location_rating`, `value_rating`, `status`, `created_at`, `updated_at`) VALUES
(1, NULL, NULL, 'general', 'Test User', 'test@example.com', 5, 'Excellent Stay', 'This was a wonderful experience at the hotel. The service was outstanding and the room was very clean.', NULL, NULL, NULL, NULL, 'approved', '2026-01-27 14:47:18', '2026-01-27 22:45:26'),
(2, NULL, NULL, 'general', 'John Doe', 'john@example.com', 4, 'Great Room', 'The room was spacious and comfortable. Staff was very helpful.', 5, 5, 4, 4, 'approved', '2026-01-27 14:48:28', '2026-01-27 15:29:21'),
(6, NULL, NULL, 'room', 'JOHN-PAUL CHIRWA', 'johnpaulchirwa@gmail.com', 4, 'tessssssssssssssssssssssssss', 'tessssssssssssssssssssssssss', 1, 3, 3, 2, 'approved', '2026-02-04 02:20:53', '2026-02-04 02:22:16');

-- --------------------------------------------------------

--
-- Table structure for table `review_responses`
--

CREATE TABLE `review_responses` (
  `id` int NOT NULL,
  `review_id` int NOT NULL COMMENT 'Foreign key to reviews table',
  `admin_id` int UNSIGNED DEFAULT NULL COMMENT 'Link to admin_users table',
  `response` text CHARACTER SET utf8mb4 COLLATE utf8mb4_unicode_ci NOT NULL COMMENT 'Admin response content',
  `created_at` timestamp NOT NULL DEFAULT CURRENT_TIMESTAMP COMMENT 'Response date'
) ENGINE=InnoDB DEFAULT CHARSET=utf8mb4 COLLATE=utf8mb4_unicode_ci COMMENT='Admin responses to guest reviews';

--
-- Dumping data for table `review_responses`
--

INSERT INTO `review_responses` (`id`, `review_id`, `admin_id`, `response`, `created_at`) VALUES
(2, 6, 2, 'Okay thank yo very much', '2026-02-04 02:21:37');

-- --------------------------------------------------------

--
-- Table structure for table `rooms`
--

CREATE TABLE `rooms` (
  `id` int NOT NULL,
  `name` varchar(100) CHARACTER SET utf8mb4 COLLATE utf8mb4_unicode_ci NOT NULL,
  `slug` varchar(100) CHARACTER SET utf8mb4 COLLATE utf8mb4_unicode_ci NOT NULL,
  `description` text CHARACTER SET utf8mb4 COLLATE utf8mb4_unicode_ci NOT NULL,
  `short_description` varchar(255) CHARACTER SET utf8mb4 COLLATE utf8mb4_unicode_ci DEFAULT NULL,
  `price_per_night` decimal(10,2) NOT NULL,
  `size_sqm` int DEFAULT NULL,
  `max_guests` int DEFAULT '2',
  `rooms_available` int DEFAULT '5' COMMENT 'Number of rooms currently available for booking',
  `total_rooms` int DEFAULT '5' COMMENT 'Total number of rooms of this type',
  `bed_type` varchar(50) CHARACTER SET utf8mb4 COLLATE utf8mb4_unicode_ci DEFAULT NULL,
  `image_url` varchar(255) CHARACTER SET utf8mb4 COLLATE utf8mb4_unicode_ci DEFAULT NULL,
  `badge` varchar(50) CHARACTER SET utf8mb4 COLLATE utf8mb4_unicode_ci DEFAULT NULL,
  `amenities` text CHARACTER SET utf8mb4 COLLATE utf8mb4_unicode_ci,
  `is_featured` tinyint(1) DEFAULT '0',
  `is_active` tinyint(1) DEFAULT '1',
  `display_order` int DEFAULT '0',
  `created_at` timestamp NOT NULL DEFAULT CURRENT_TIMESTAMP,
  `updated_at` timestamp NOT NULL DEFAULT CURRENT_TIMESTAMP ON UPDATE CURRENT_TIMESTAMP,
  `video_path` varchar(255) COLLATE utf8mb4_unicode_ci DEFAULT NULL COMMENT 'Path to room video file',
  `video_type` varchar(50) COLLATE utf8mb4_unicode_ci DEFAULT NULL COMMENT 'Video MIME type',
  `price_single_occupancy` decimal(10,2) DEFAULT NULL COMMENT 'Price for single occupancy (1 guest)',
  `price_double_occupancy` decimal(10,2) DEFAULT NULL COMMENT 'Price for double occupancy (2 guests)',
  `price_triple_occupancy` decimal(10,2) DEFAULT NULL COMMENT 'Price for triple occupancy (3 guests)'
) ENGINE=InnoDB DEFAULT CHARSET=utf8mb4 COLLATE=utf8mb4_unicode_ci;

--
-- Dumping data for table `rooms`
--

INSERT INTO `rooms` (`id`, `name`, `slug`, `description`, `short_description`, `price_per_night`, `size_sqm`, `max_guests`, `rooms_available`, `total_rooms`, `bed_type`, `image_url`, `badge`, `amenities`, `is_featured`, `is_active`, `display_order`, `created_at`, `updated_at`, `video_path`, `video_type`, `price_single_occupancy`, `price_double_occupancy`, `price_triple_occupancy`) VALUES
(2, 'Executive Suite', 'executive-suite', 'Comfortable suite with separate sitting area. Includes a desk for work, TV, WiFi, coffee/tea facilities, and mini fridge. Good for business travelers or those wanting extra space.', 'Spacious room with work area', 130000.00, 60, 2, 4, 5, 'King Bed', 'images/rooms/ExecutiveRoom.jpeg', NULL, 'King Bed,Work Desk,Butler Service,Living Area,Smart TV,High-Speed WiFi,Coffee Machine,Mini Bar,Safe', 1, 1, 2, '2026-01-19 20:22:49', '2026-02-08 00:35:43', NULL, NULL, 130000.00, 165000.00, 165000.00),
(4, 'Deluxe Room', 'deluxe-room', 'Comfortable room with en-suite bathroom. Features a comfortable bed, TV, WiFi, and basic amenities. Clean and well-maintained for a good night\'s sleep.', 'Comfortable room with private bathroom', 100000.00, 45, 2, 4, 5, 'King Bed', 'images/rooms/Deluxe_Room.jpg', 'Popular', 'King Bed,Jacuzzi Tub,Living Area,Marble Bathroom,Premium Bedding,Smart TV,Mini Bar,Free WiFi', 1, 1, 4, '2026-01-19 20:22:49', '2026-02-08 00:35:51', NULL, NULL, 100000.00, 135000.00, 135000.00),
(5, 'Standard Room', 'standard-room', 'Simple, clean room with everything you need. Comfortable bed, TV, and WiFi. Perfect for budget travelers looking for a good value.', 'Simple, affordable accommodation', 85000.00, 35, 2, 3, 5, 'King Bed', 'images/rooms/family_suite.jpg', NULL, 'King Bed,City View,Balcony,Smart TV,Free WiFi,Coffee Machine,Safe,Climate Control', 1, 1, 5, '2026-01-19 20:22:49', '2026-02-08 00:35:58', NULL, NULL, 85000.00, 115000.00, 115000.00);

-- --------------------------------------------------------

--
-- Table structure for table `room_blocked_dates`
--

CREATE TABLE `room_blocked_dates` (
  `id` int NOT NULL,
  `room_id` int DEFAULT NULL COMMENT 'Room ID (NULL means block all rooms)',
  `block_date` date NOT NULL COMMENT 'Date to block from bookings',
  `block_type` enum('maintenance','event','manual','full') COLLATE utf8mb4_unicode_ci NOT NULL DEFAULT 'manual' COMMENT 'Reason for blocking the date',
  `reason` varchar(255) COLLATE utf8mb4_unicode_ci DEFAULT NULL COMMENT 'Optional explanation for blocking',
  `created_by` int UNSIGNED DEFAULT NULL COMMENT 'Admin user who created this block',
  `created_at` timestamp NOT NULL DEFAULT CURRENT_TIMESTAMP COMMENT 'When the block was created'
) ENGINE=InnoDB DEFAULT CHARSET=utf8mb4 COLLATE=utf8mb4_unicode_ci COMMENT='Manually blocked dates for rooms - prevents bookings on specified dates';

-- --------------------------------------------------------

--
-- Table structure for table `section_headers`
--

CREATE TABLE `section_headers` (
  `id` int NOT NULL,
  `section_key` varchar(100) COLLATE utf8mb4_unicode_ci NOT NULL COMMENT 'Unique identifier for the section (e.g., home_rooms, home_facilities)',
  `page` varchar(50) COLLATE utf8mb4_unicode_ci NOT NULL COMMENT 'Page where section appears (e.g., index, restaurant, gym)',
  `section_label` varchar(100) COLLATE utf8mb4_unicode_ci DEFAULT NULL COMMENT 'Small label above title (optional)',
  `section_subtitle` varchar(255) COLLATE utf8mb4_unicode_ci DEFAULT NULL COMMENT 'Subtitle text between label and title (optional)',
  `section_title` varchar(200) COLLATE utf8mb4_unicode_ci NOT NULL COMMENT 'Main section heading',
  `section_description` text COLLATE utf8mb4_unicode_ci COMMENT 'Description text below title',
  `display_order` int DEFAULT '0' COMMENT 'Order of section on page',
  `is_active` tinyint(1) DEFAULT '1' COMMENT 'Whether section header is active',
  `created_at` timestamp NOT NULL DEFAULT CURRENT_TIMESTAMP,
  `updated_at` timestamp NOT NULL DEFAULT CURRENT_TIMESTAMP ON UPDATE CURRENT_TIMESTAMP
) ENGINE=InnoDB DEFAULT CHARSET=utf8mb4 COLLATE=utf8mb4_unicode_ci;

--
-- Dumping data for table `section_headers`
--

INSERT INTO `section_headers` (`id`, `section_key`, `page`, `section_label`, `section_subtitle`, `section_title`, `section_description`, `display_order`, `is_active`, `created_at`, `updated_at`) VALUES
(19, 'home_rooms', 'index', 'Accommodations', 'Where Comfort Meets Reality', 'Luxurious Rooms & Suites', 'Experience unmatched comfort in our meticulously designed rooms and suites', 1, 1, '2026-02-07 11:34:58', '2026-02-07 11:46:29'),
(20, 'home_facilities', 'index', 'Amenities', NULL, 'World-Class Facilities', 'Indulge in our premium facilities designed for your ultimate comfort', 2, 1, '2026-02-07 11:34:58', '2026-02-07 11:34:58'),
(21, 'home_testimonials', 'index', 'Reviews', NULL, 'What Our Guests Say', 'Hear from those who have experienced our exceptional hospitality', 3, 1, '2026-02-07 11:34:58', '2026-02-07 11:34:58'),
(22, 'hotel_gallery', 'index', 'Visual Journey', 'Discover Our Story', 'Explore Our Hotel', 'Immerse yourself in the beauty and luxury of our hotel', 4, 1, '2026-02-07 11:34:58', '2026-02-07 11:34:58'),
(23, 'hotel_reviews', 'global', 'Guest Reviews', NULL, 'What Our Guests Say', 'Read authentic reviews from guests who have experienced our hospitality', 1, 1, '2026-02-07 11:34:58', '2026-02-07 11:34:58'),
(24, 'restaurant_gallery', 'restaurant', 'Visual Journey', NULL, 'Our Dining Spaces', 'From elegant interiors to breathtaking views, every detail creates the perfect ambiance', 1, 1, '2026-02-07 11:34:58', '2026-02-07 11:34:58'),
(25, 'restaurant_menu', 'restaurant', 'Culinary Delights', 'A Symphony of Flavors', 'Our Menu', 'Discover our carefully curated selection of dishes and beverages', 2, 1, '2026-02-07 11:34:58', '2026-02-07 11:34:58'),
(26, 'gym_wellness', 'gym', 'Your Wellness Journey', 'Transform Your Life', 'Start Your Fitness Journey', 'Transform your body and mind with our state-of-the-art facilities', 1, 1, '2026-02-07 11:34:58', '2026-02-07 11:34:58'),
(27, 'gym_facilities', 'gym', 'What We Offer', NULL, 'Comprehensive Fitness Facilities', 'Everything you need for a complete wellness experience', 2, 1, '2026-02-07 11:34:58', '2026-02-07 11:34:58'),
(28, 'gym_classes', 'gym', 'Stay Active', NULL, 'Group Fitness Classes', 'Join our expert-led classes designed for all fitness levels', 3, 1, '2026-02-07 11:34:58', '2026-02-07 11:34:58'),
(29, 'gym_training', 'gym', 'One-on-One Coaching', NULL, 'Personal Training Programs', 'Achieve your fitness goals faster with personalized guidance from our certified trainers', 4, 1, '2026-02-07 11:34:58', '2026-02-07 11:34:58'),
(30, 'gym_packages', 'gym', 'Exclusive Offers', NULL, 'Wellness Packages', 'Comprehensive packages designed for optimal health and relaxation', 5, 1, '2026-02-07 11:34:58', '2026-02-07 11:34:58'),
(31, 'rooms_collection', 'rooms-showcase', 'Stay Collection', NULL, 'Pick Your Perfect Space', 'Suites and rooms crafted for business, romance, and family stays with direct booking flows', 1, 1, '2026-02-07 11:34:58', '2026-02-07 11:34:58'),
(32, 'conference_overview', 'conference', 'Professional Events', 'Where Business Meets Excellence', 'Conference & Meeting Facilities', 'State-of-the-art venues for your business needs', 1, 1, '2026-02-07 11:34:58', '2026-02-07 11:34:58'),
(33, 'events_overview', 'events', 'Celebrations & Gatherings', NULL, 'Upcoming Events', 'Discover our curated experiences and special occasions', 1, 1, '2026-02-07 11:34:58', '2026-02-07 11:34:58');

-- --------------------------------------------------------

--
-- Table structure for table `session_logs`
--

CREATE TABLE `session_logs` (
  `id` int UNSIGNED NOT NULL,
  `session_id` varchar(128) COLLATE utf8mb4_unicode_ci NOT NULL,
  `ip_address` varchar(45) COLLATE utf8mb4_unicode_ci NOT NULL,
  `device_type` varchar(20) COLLATE utf8mb4_unicode_ci DEFAULT 'unknown',
  `browser` varchar(100) COLLATE utf8mb4_unicode_ci DEFAULT NULL,
  `os` varchar(100) COLLATE utf8mb4_unicode_ci DEFAULT NULL,
  `page_url` varchar(500) COLLATE utf8mb4_unicode_ci NOT NULL,
  `referrer_domain` varchar(255) COLLATE utf8mb4_unicode_ci DEFAULT NULL,
  `country` varchar(100) COLLATE utf8mb4_unicode_ci DEFAULT NULL,
  `session_start` timestamp NULL DEFAULT CURRENT_TIMESTAMP,
  `last_activity` timestamp NULL DEFAULT CURRENT_TIMESTAMP ON UPDATE CURRENT_TIMESTAMP,
  `page_count` int DEFAULT '1',
  `consent_level` varchar(20) COLLATE utf8mb4_unicode_ci DEFAULT NULL
) ENGINE=InnoDB DEFAULT CHARSET=utf8mb4 COLLATE=utf8mb4_unicode_ci;

--
-- Dumping data for table `session_logs`
--

INSERT INTO `session_logs` (`id`, `session_id`, `ip_address`, `device_type`, `browser`, `os`, `page_url`, `referrer_domain`, `country`, `session_start`, `last_activity`, `page_count`, `consent_level`) VALUES
(1, 'l56joh70ku2j1qb27jpfsnf9hd', '::1', 'desktop', 'Chrome', 'Windows 10/11', '/conference.php', 'localhost', 'Local', '2026-02-09 11:42:50', '2026-02-09 11:45:47', 5, 'all'),
(6, 'p7nj9em2l885n6mfkfgf6ea72m', '::1', 'desktop', 'Chrome', 'Windows 10/11', '/conference.php', 'localhost', 'Local', '2026-02-09 11:53:31', '2026-02-09 11:53:31', 1, 'all');

-- --------------------------------------------------------

--
-- Table structure for table `site_pages`
--

CREATE TABLE `site_pages` (
  `id` int NOT NULL,
  `page_key` varchar(50) COLLATE utf8mb4_unicode_ci NOT NULL COMMENT 'Unique slug, e.g. home, rooms, restaurant',
  `title` varchar(100) COLLATE utf8mb4_unicode_ci NOT NULL COMMENT 'Display name in navigation',
  `file_path` varchar(100) COLLATE utf8mb4_unicode_ci NOT NULL COMMENT 'PHP file, e.g. rooms-gallery.php',
  `icon` varchar(50) COLLATE utf8mb4_unicode_ci DEFAULT 'fa-file' COMMENT 'Font Awesome icon class',
  `nav_position` int DEFAULT '0' COMMENT 'Order in navigation (lower = first)',
  `show_in_nav` tinyint(1) DEFAULT '1' COMMENT '1 = visible in nav, 0 = hidden from nav but page still accessible',
  `is_enabled` tinyint(1) DEFAULT '1' COMMENT '1 = page accessible, 0 = returns 404 / redirect',
  `requires_auth` tinyint(1) DEFAULT '0' COMMENT 'Future: require login to view',
  `description` varchar(255) COLLATE utf8mb4_unicode_ci DEFAULT NULL COMMENT 'Short description for admin reference',
  `created_at` timestamp NOT NULL DEFAULT CURRENT_TIMESTAMP,
  `updated_at` timestamp NOT NULL DEFAULT CURRENT_TIMESTAMP ON UPDATE CURRENT_TIMESTAMP
) ENGINE=InnoDB DEFAULT CHARSET=utf8mb4 COLLATE=utf8mb4_unicode_ci;

--
-- Dumping data for table `site_pages`
--

INSERT INTO `site_pages` (`id`, `page_key`, `title`, `file_path`, `icon`, `nav_position`, `show_in_nav`, `is_enabled`, `requires_auth`, `description`, `created_at`, `updated_at`) VALUES
(1, 'home', 'Home', 'index.php', 'fa-home', 10, 1, 1, 0, 'Main landing page', '2026-02-07 21:36:55', '2026-02-07 21:36:55'),
(2, 'rooms', 'Rooms', 'rooms-gallery.php', 'fa-bed', 20, 1, 1, 0, 'Room gallery & listings', '2026-02-07 21:36:55', '2026-02-07 21:40:35'),
(3, 'restaurant', 'Restaurant', 'restaurant.php', 'fa-utensils', 30, 1, 1, 0, 'Restaurant & menu', '2026-02-07 21:36:55', '2026-02-07 21:36:55'),
(4, 'gym', 'Gym', 'gym.php', 'fa-dumbbell', 40, 1, 1, 0, 'Gym & fitness centre', '2026-02-07 21:36:55', '2026-02-07 21:36:55'),
(5, 'conference', 'Conference', 'conference.php', 'fa-briefcase', 50, 1, 1, 0, 'Conference facilities', '2026-02-07 21:36:55', '2026-02-07 21:36:55'),
(6, 'events', 'Events', 'events.php', 'fa-calendar-alt', 60, 1, 1, 0, 'Hotel events', '2026-02-07 21:36:55', '2026-02-07 21:36:55'),
(7, 'booking', 'Book Now', 'booking.php', 'fa-calendar-check', 100, 1, 1, 0, 'Booking page (CTA button, not regular nav)', '2026-02-07 21:36:55', '2026-02-07 21:40:55');

-- --------------------------------------------------------

--
-- Table structure for table `site_settings`
--

CREATE TABLE `site_settings` (
  `id` int NOT NULL,
  `setting_key` varchar(100) CHARACTER SET utf8mb4 COLLATE utf8mb4_unicode_ci NOT NULL,
  `setting_value` text CHARACTER SET utf8mb4 COLLATE utf8mb4_unicode_ci NOT NULL,
  `setting_group` varchar(50) CHARACTER SET utf8mb4 COLLATE utf8mb4_unicode_ci DEFAULT NULL,
  `updated_at` timestamp NOT NULL DEFAULT CURRENT_TIMESTAMP ON UPDATE CURRENT_TIMESTAMP,
  `hero_video_path` varchar(255) COLLATE utf8mb4_unicode_ci DEFAULT NULL COMMENT 'Path to hero section video',
  `hero_video_type` varchar(50) COLLATE utf8mb4_unicode_ci DEFAULT NULL COMMENT 'Video MIME type'
) ENGINE=InnoDB DEFAULT CHARSET=utf8mb4 COLLATE=utf8mb4_unicode_ci;

--
-- Dumping data for table `site_settings`
--

INSERT INTO `site_settings` (`id`, `setting_key`, `setting_value`, `setting_group`, `updated_at`, `hero_video_path`, `hero_video_type`) VALUES
(1, 'site_name', 'Liwonde Sun Hotel', 'general', '2026-02-04 22:03:57', NULL, NULL),
(2, 'site_tagline', 'Where Comfort Meets Value', 'general', '2026-02-07 02:40:53', NULL, NULL),
(3, 'hero_title', 'Your Comfortable Stay in Malawi', 'hero', '2026-02-07 02:40:53', NULL, NULL),
(4, 'hero_subtitle', 'Enjoy a pleasant and affordable stay with clean rooms, friendly service, and good value for money.', 'hero', '2026-02-07 02:40:53', NULL, NULL),
(5, 'phone_main', '0212 877 796', 'contact', '2026-02-04 21:24:01', NULL, NULL),
(6, 'phone_reservations', '+265 987 654 321', 'contact', '2026-01-19 20:22:49', NULL, NULL),
(9, 'address_line1', 'Liwonde National Park Road', 'contact', '2026-01-19 20:22:49', NULL, NULL),
(10, 'address_line2', 'Liwonde, Southern Region', 'contact', '2026-01-19 20:22:49', NULL, NULL),
(11, 'address_country', 'Malawi', 'contact', '2026-01-19 20:22:49', NULL, NULL),
(12, 'facebook_url', 'https://facebook.com/liwondesunhotel', 'social', '2026-01-19 20:22:49', NULL, NULL),
(13, 'instagram_url', 'https://instagram.com/liwondesunhotel', 'social', '2026-01-19 20:22:49', NULL, NULL),
(14, 'twitter_url', 'https://twitter.com/liwondesunhotel', 'social', '2026-01-19 20:22:49', NULL, NULL),
(15, 'linkedin_url', 'https://linkedin.com/company/liwondesunhotel', 'social', '2026-01-19 20:22:49', NULL, NULL),
(16, 'working_hours', '24/7 Available', 'contact', '2026-01-19 20:22:49', NULL, NULL),
(17, 'copyright_text', '2026 Liwonde Sun Hotel. All rights reserved.', 'general', '2026-01-19 20:22:49', NULL, NULL),
(18, 'currency_symbol', 'MWK', 'general', '2026-01-20 10:16:28', NULL, NULL),
(19, 'currency_code', 'MWK', 'general', '2026-01-20 10:16:13', NULL, NULL),
(20, 'site_logo', '', 'general', '2026-01-21 23:24:01', NULL, NULL),
(23, 'site_url', 'https://promanaged-it.com/hotelsmw', 'general', '2026-02-05 12:25:03', NULL, NULL),
(27, 'check_in_time', '2:00 PM', 'booking', '2026-01-27 12:02:11', NULL, NULL),
(28, 'check_out_time', '11:00 AM', 'booking', '2026-01-27 12:02:11', NULL, NULL),
(29, 'booking_change_policy', 'If you need to make any changes, please contact us at least 48 hours before your arrival.', 'booking', '2026-01-27 12:02:11', NULL, NULL),
(30, 'email_main', 'info@liwondesunhotel.com', 'contact', '2026-02-05 12:26:03', NULL, NULL),
(32, 'vat_enabled', '1', 'accounting', '2026-01-30 00:09:59', NULL, NULL),
(33, 'vat_rate', '16.5', 'accounting', '2026-01-30 00:09:59', NULL, NULL),
(34, 'vat_number', 'MW123456789', 'accounting', '2026-01-30 00:09:59', NULL, NULL),
(35, 'payment_terms', 'Payment due upon check-in', 'accounting', '2026-01-30 00:09:59', NULL, NULL),
(36, 'invoice_prefix', 'INV', 'accounting', '2026-01-30 00:09:59', NULL, NULL),
(37, 'invoice_start_number', '1001', 'accounting', '2026-01-30 00:09:59', NULL, NULL),
(44, 'max_advance_booking_days', '22', 'booking', '2026-01-30 00:40:21', NULL, NULL),
(45, 'payment_policy', 'Full payment is required upon check-in. We accept cash, credit cards, and bank transfers.', 'booking', '2026-01-30 00:36:10', NULL, NULL),
(76, 'tentative_enabled', '1', 'bookings', '2026-02-01 16:32:10', NULL, NULL),
(77, 'tentative_duration_hours', '48', 'bookings', '2026-02-01 16:32:10', NULL, NULL),
(78, 'tentative_reminder_hours', '24', 'bookings', '2026-02-01 16:32:10', NULL, NULL),
(79, 'tentative_max_extensions', '2', 'bookings', '2026-02-01 16:32:10', NULL, NULL),
(80, 'tentative_deposit_percent', '20', 'bookings', '2026-02-01 16:32:10', NULL, NULL),
(81, 'tentative_deposit_required', '0', 'bookings', '2026-02-01 16:32:10', NULL, NULL),
(82, 'tentative_block_availability', '1', 'bookings', '2026-02-01 16:32:10', NULL, NULL),
(90, 'whatsapp_number', '+265888860670', 'contact', '2026-02-01 19:09:42', NULL, NULL),
(102, 'footer_credits', ' 2026 Liwonde Sun Hotel.', 'general', '2026-02-02 00:33:02', NULL, NULL),
(103, 'footer_design_credit', 'Powered by ProManaged IT', 'general', '2026-02-02 00:33:08', NULL, NULL),
(104, 'footer_share_title', 'Share', 'general', '2026-02-02 00:32:07', NULL, NULL),
(105, 'footer_connect_title', 'Connect With Us', 'general', '2026-02-02 00:32:07', NULL, NULL),
(106, 'footer_contact_title', 'Contact Information', 'general', '2026-02-02 00:32:07', NULL, NULL),
(107, 'footer_policies_title', 'Policies', 'general', '2026-02-02 00:32:07', NULL, NULL),
(108, 'conference_email', 'johnpaulchira@gmail.com', 'contact', '2026-02-03 00:06:33', NULL, NULL),
(109, 'gym_email', 'johnpaulchira@gmail.com', 'contact', '2026-02-03 00:06:38', NULL, NULL),
(112, 'pending_duration_hours', '24', 'booking', '2026-02-03 00:29:35', NULL, NULL),
(113, 'tentative_grace_period_hours', '0', 'booking', '2026-02-03 00:29:35', NULL, NULL),
(114, 'admin_notification_email', '', 'email', '2026-02-03 00:29:35', NULL, NULL),
(115, 'booking_time_buffer_minutes', '60', 'booking', '2026-02-03 17:49:20', NULL, NULL),
(117, 'theme_color', '#0A1929', 'general', '2026-02-04 13:56:24', NULL, NULL),
(118, 'default_keywords', 'hotel malawi, liwonde accommodation, budget hotel, affordable stay, malawi lodging', 'general', '2026-02-07 02:40:53', NULL, NULL),
(120, 'phone_reception', '0883 500 304', 'contact', '2026-02-04 21:24:01', NULL, NULL),
(121, 'phone_cell1', '0998 864 377', 'contact', '2026-02-04 21:24:01', NULL, NULL),
(122, 'phone_cell2', '0882 363 765', 'contact', '2026-02-04 21:24:01', NULL, NULL),
(123, 'phone_alternate1', '0983 825 196', 'contact', '2026-02-04 21:24:01', NULL, NULL),
(124, 'phone_alternate2', '0999 877 796', 'contact', '2026-02-04 21:24:01', NULL, NULL),
(125, 'phone_alternate3', '0888 353 540', 'contact', '2026-02-04 21:24:01', NULL, NULL),
(126, 'email_restaurant', 'liwondesunhotel@gmail.com', 'contact', '2026-02-04 21:24:01', NULL, NULL),
(127, 'cache_email_enabled', '1', NULL, '2026-02-05 17:24:35', NULL, NULL),
(128, 'cache_settings_enabled', '1', NULL, '2026-02-05 17:24:38', NULL, NULL),
(129, 'cache_rooms_enabled', '1', NULL, '2026-02-07 12:49:46', NULL, NULL),
(140, 'cache_tables_enabled', '1', NULL, '2026-02-05 18:31:48', NULL, NULL),
(143, 'navy_color', '#0A1929', 'theme', '2026-02-07 00:19:56', NULL, NULL),
(144, 'deep_navy_color', '#05090F', 'theme', '2026-02-07 00:19:56', NULL, NULL),
(145, 'gold_color', '#D4AF37', 'theme', '2026-02-07 00:19:56', NULL, NULL),
(146, 'dark_gold_color', '#B8941F', 'theme', '2026-02-07 00:19:56', NULL, NULL),
(147, 'accent_color', '#D4AF37', 'theme', '2026-02-07 00:19:56', NULL, NULL),
(263, 'cache_schedule_enabled', '1', NULL, '2026-02-07 13:03:46', NULL, NULL),
(264, 'cache_schedule_interval', 'daily', NULL, '2026-02-07 13:03:46', NULL, NULL),
(265, 'cache_schedule_time', '00:00', NULL, '2026-02-07 13:03:46', NULL, NULL),
(266, 'cache_global_enabled', '1', NULL, '2026-02-07 12:49:14', NULL, NULL),
(269, 'cache_last_run', '1770469224', NULL, '2026-02-07 13:00:24', NULL, NULL),
(273, 'cache_custom_seconds', '60', NULL, '2026-02-07 13:03:46', NULL, NULL);

-- --------------------------------------------------------

--
-- Table structure for table `site_visitors`
--

CREATE TABLE `site_visitors` (
  `id` int UNSIGNED NOT NULL,
  `session_id` varchar(128) COLLATE utf8mb4_unicode_ci NOT NULL,
  `ip_address` varchar(45) COLLATE utf8mb4_unicode_ci NOT NULL,
  `user_agent` text COLLATE utf8mb4_unicode_ci,
  `device_type` enum('desktop','tablet','mobile','bot','unknown') COLLATE utf8mb4_unicode_ci DEFAULT 'unknown',
  `browser` varchar(100) COLLATE utf8mb4_unicode_ci DEFAULT NULL,
  `os` varchar(100) COLLATE utf8mb4_unicode_ci DEFAULT NULL,
  `referrer` text COLLATE utf8mb4_unicode_ci,
  `referrer_domain` varchar(255) COLLATE utf8mb4_unicode_ci DEFAULT NULL,
  `country` varchar(100) COLLATE utf8mb4_unicode_ci DEFAULT NULL,
  `page_url` varchar(500) COLLATE utf8mb4_unicode_ci NOT NULL,
  `page_title` varchar(255) COLLATE utf8mb4_unicode_ci DEFAULT NULL,
  `is_first_visit` tinyint(1) DEFAULT '0',
  `visit_duration` int DEFAULT NULL COMMENT 'Seconds on page',
  `created_at` timestamp NULL DEFAULT CURRENT_TIMESTAMP
) ENGINE=InnoDB DEFAULT CHARSET=utf8mb4 COLLATE=utf8mb4_unicode_ci;

--
-- Dumping data for table `site_visitors`
--

INSERT INTO `site_visitors` (`id`, `session_id`, `ip_address`, `user_agent`, `device_type`, `browser`, `os`, `referrer`, `referrer_domain`, `country`, `page_url`, `page_title`, `is_first_visit`, `visit_duration`, `created_at`) VALUES
(1, 'l56joh70ku2j1qb27jpfsnf9hd', '::1', 'Mozilla/5.0 (Windows NT 10.0; Win64; x64) AppleWebKit/537.36 (KHTML, like Gecko) Chrome/144.0.0.0 Safari/537.36', 'desktop', 'Chrome', 'Windows 10/11', 'http://localhost:8000/', 'localhost', 'Local', '/conference.php', NULL, 1, NULL, '2026-02-09 11:42:50'),
(2, 'l56joh70ku2j1qb27jpfsnf9hd', '::1', 'Mozilla/5.0 (Windows NT 10.0; Win64; x64) AppleWebKit/537.36 (KHTML, like Gecko) Chrome/144.0.0.0 Safari/537.36', 'desktop', 'Chrome', 'Windows 10/11', 'http://localhost:8000/', 'localhost', 'Local', '/conference.php', NULL, 0, NULL, '2026-02-09 11:43:54'),
(3, 'l56joh70ku2j1qb27jpfsnf9hd', '::1', 'Mozilla/5.0 (Windows NT 10.0; Win64; x64) AppleWebKit/537.36 (KHTML, like Gecko) Chrome/144.0.0.0 Safari/537.36', 'desktop', 'Chrome', 'Windows 10/11', 'http://localhost:8000/', 'localhost', 'Local', '/conference.php', NULL, 0, NULL, '2026-02-09 11:44:44'),
(4, 'l56joh70ku2j1qb27jpfsnf9hd', '::1', 'Mozilla/5.0 (Windows NT 10.0; Win64; x64) AppleWebKit/537.36 (KHTML, like Gecko) Chrome/144.0.0.0 Safari/537.36', 'desktop', 'Chrome', 'Windows 10/11', 'http://localhost:8000/', 'localhost', 'Local', '/conference.php', NULL, 0, NULL, '2026-02-09 11:45:32'),
(5, 'l56joh70ku2j1qb27jpfsnf9hd', '::1', 'Mozilla/5.0 (Windows NT 10.0; Win64; x64) AppleWebKit/537.36 (KHTML, like Gecko) Chrome/144.0.0.0 Safari/537.36', 'desktop', 'Chrome', 'Windows 10/11', 'http://localhost:8000/', 'localhost', 'Local', '/conference.php', NULL, 0, NULL, '2026-02-09 11:45:47'),
(6, 'p7nj9em2l885n6mfkfgf6ea72m', '::1', 'Mozilla/5.0 (Windows NT 10.0; Win64; x64) AppleWebKit/537.36 (KHTML, like Gecko) Chrome/144.0.0.0 Safari/537.36', 'desktop', 'Chrome', 'Windows 10/11', 'http://localhost:8000/rooms-gallery.php', 'localhost', 'Local', '/conference.php', NULL, 1, NULL, '2026-02-09 11:53:31');

-- --------------------------------------------------------

--
-- Table structure for table `tentative_booking_log`
--

CREATE TABLE `tentative_booking_log` (
  `id` int UNSIGNED NOT NULL,
  `booking_id` int UNSIGNED NOT NULL,
  `action` enum('created','extended','reminder_sent','converted','expired','cancelled') COLLATE utf8mb4_unicode_ci NOT NULL,
  `previous_expires_at` datetime DEFAULT NULL,
  `new_expires_at` datetime DEFAULT NULL,
  `action_reason` varchar(255) COLLATE utf8mb4_unicode_ci DEFAULT NULL,
  `performed_by` int UNSIGNED DEFAULT NULL COMMENT 'Admin user ID, or NULL for system',
  `created_at` timestamp NOT NULL DEFAULT CURRENT_TIMESTAMP
) ENGINE=InnoDB DEFAULT CHARSET=utf8mb4 COLLATE=utf8mb4_unicode_ci COMMENT='Audit log for tentative booking actions';

--
-- Dumping data for table `tentative_booking_log`
--

INSERT INTO `tentative_booking_log` (`id`, `booking_id`, `action`, `previous_expires_at`, `new_expires_at`, `action_reason`, `performed_by`, `created_at`) VALUES
(1, 26, '', NULL, '2026-02-07 14:06:06', NULL, 2, '2026-02-05 14:06:06'),
(2, 26, '', NULL, '2026-02-07 17:00:37', NULL, 2, '2026-02-05 17:00:37'),
(3, 26, '', NULL, '2026-02-07 17:01:46', NULL, 2, '2026-02-05 17:01:46'),
(4, 26, '', NULL, '2026-02-07 17:02:29', NULL, 2, '2026-02-05 17:02:29'),
(5, 26, 'converted', NULL, NULL, 'Converted from tentative to confirmed by admin', 2, '2026-02-06 15:28:30');

-- --------------------------------------------------------

--
-- Table structure for table `testimonials`
--

CREATE TABLE `testimonials` (
  `id` int NOT NULL,
  `guest_name` varchar(100) CHARACTER SET utf8mb4 COLLATE utf8mb4_unicode_ci NOT NULL,
  `guest_location` varchar(100) CHARACTER SET utf8mb4 COLLATE utf8mb4_unicode_ci DEFAULT NULL,
  `rating` int DEFAULT '5',
  `testimonial_text` text CHARACTER SET utf8mb4 COLLATE utf8mb4_unicode_ci NOT NULL,
  `stay_date` date DEFAULT NULL,
  `guest_image` varchar(255) CHARACTER SET utf8mb4 COLLATE utf8mb4_unicode_ci DEFAULT NULL,
  `is_featured` tinyint(1) DEFAULT '0',
  `is_approved` tinyint(1) DEFAULT '1',
  `display_order` int DEFAULT '0',
  `created_at` timestamp NOT NULL DEFAULT CURRENT_TIMESTAMP
) ENGINE=InnoDB DEFAULT CHARSET=utf8mb4 COLLATE=utf8mb4_unicode_ci;

--
-- Dumping data for table `testimonials`
--

INSERT INTO `testimonials` (`id`, `guest_name`, `guest_location`, `rating`, `testimonial_text`, `stay_date`, `guest_image`, `is_featured`, `is_approved`, `display_order`, `created_at`) VALUES
(1, 'Sarah Johnson', 'London, UK', 4, 'Nice hotel with friendly staff. Rooms were clean and comfortable. Good value for money. Would stay again.', '2025-12-15', NULL, 1, 1, 1, '2026-01-19 20:22:49'),
(2, 'Michael Chen', 'Singapore', 5, 'Pleasant stay in a good location. Staff was helpful and the rooms were tidy. Simple but comfortable.', '2025-11-20', NULL, 1, 1, 2, '2026-01-19 20:22:49'),
(3, 'Emma Williams', 'New York, USA', 5, 'Good budget hotel option. Clean rooms, decent food, and friendly service. Met our expectations for a 2-star hotel.', '2026-01-05', NULL, 1, 1, 3, '2026-01-19 20:22:49');

-- --------------------------------------------------------

--
-- Table structure for table `user_permissions`
--

CREATE TABLE `user_permissions` (
  `id` int UNSIGNED NOT NULL,
  `user_id` int UNSIGNED NOT NULL,
  `permission_key` varchar(50) NOT NULL,
  `is_granted` tinyint(1) DEFAULT '1',
  `granted_by` int UNSIGNED DEFAULT NULL,
  `created_at` timestamp NULL DEFAULT CURRENT_TIMESTAMP,
  `updated_at` timestamp NULL DEFAULT CURRENT_TIMESTAMP ON UPDATE CURRENT_TIMESTAMP
) ENGINE=InnoDB DEFAULT CHARSET=utf8mb4 COLLATE=utf8mb4_0900_ai_ci;

--
-- Dumping data for table `user_permissions`
--

INSERT INTO `user_permissions` (`id`, `user_id`, `permission_key`, `is_granted`, `granted_by`, `created_at`, `updated_at`) VALUES
(1, 2, 'dashboard', 1, 1, '2026-02-07 13:34:34', '2026-02-07 13:34:34'),
(2, 2, 'bookings', 0, 1, '2026-02-07 13:34:34', '2026-02-07 13:34:34'),
(3, 2, 'calendar', 0, 1, '2026-02-07 13:34:34', '2026-02-07 13:34:34'),
(4, 2, 'blocked_dates', 0, 1, '2026-02-07 13:34:34', '2026-02-07 13:34:34'),
(5, 2, 'rooms', 0, 1, '2026-02-07 13:34:34', '2026-02-07 13:34:34'),
(6, 2, 'gallery', 0, 1, '2026-02-07 13:34:34', '2026-02-07 13:34:34'),
(7, 2, 'conference', 0, 1, '2026-02-07 13:34:34', '2026-02-07 13:34:34'),
(8, 2, 'gym', 0, 1, '2026-02-07 13:34:34', '2026-02-07 13:34:34'),
(9, 2, 'menu', 0, 1, '2026-02-07 13:34:34', '2026-02-07 13:34:34'),
(10, 2, 'events', 0, 1, '2026-02-07 13:34:34', '2026-02-07 13:34:34'),
(11, 2, 'reviews', 0, 1, '2026-02-07 13:34:34', '2026-02-07 13:34:34'),
(12, 2, 'accounting', 0, 1, '2026-02-07 13:34:34', '2026-02-07 13:34:34'),
(13, 2, 'payments', 0, 1, '2026-02-07 13:34:34', '2026-02-07 13:34:34'),
(14, 2, 'invoices', 0, 1, '2026-02-07 13:34:34', '2026-02-07 13:34:34'),
(15, 2, 'payment_add', 0, 1, '2026-02-07 13:34:34', '2026-02-07 13:34:34'),
(16, 2, 'reports', 0, 1, '2026-02-07 13:34:34', '2026-02-07 13:34:34'),
(17, 2, 'theme', 0, 1, '2026-02-07 13:34:34', '2026-02-07 13:34:34'),
(18, 2, 'section_headers', 0, 1, '2026-02-07 13:34:34', '2026-02-07 13:34:34'),
(19, 2, 'booking_settings', 0, 1, '2026-02-07 13:34:34', '2026-02-07 13:34:34'),
(20, 2, 'cache', 0, 1, '2026-02-07 13:34:34', '2026-02-07 13:34:34');

-- --------------------------------------------------------

--
-- Stand-in structure for view `v_active_tentative_bookings`
-- (See below for the actual view)
--
CREATE TABLE `v_active_tentative_bookings` (
`id` int unsigned
,`booking_reference` varchar(20)
,`room_id` int unsigned
,`room_name` varchar(100)
,`room_slug` varchar(100)
,`price_per_night` decimal(10,2)
,`guest_name` varchar(255)
,`guest_email` varchar(255)
,`guest_phone` varchar(50)
,`check_in_date` date
,`check_out_date` date
,`number_of_nights` int
,`total_amount` decimal(10,2)
,`status` enum('pending','tentative','confirmed','checked-in','checked-out','cancelled','expired','no-show')
,`is_tentative` tinyint(1)
,`tentative_expires_at` datetime
,`deposit_required` tinyint(1)
,`deposit_amount` decimal(10,2)
,`deposit_paid` tinyint(1)
,`reminder_sent` tinyint(1)
,`reminder_sent_at` datetime
,`created_at` timestamp
,`tentative_notes` text
,`hours_until_expiration` bigint
,`expiration_status` varchar(8)
);

-- --------------------------------------------------------

--
-- Stand-in structure for view `v_tentative_booking_stats`
-- (See below for the actual view)
--
CREATE TABLE `v_tentative_booking_stats` (
`total_tentative_bookings` bigint
,`active_count` decimal(23,0)
,`warning_count` decimal(23,0)
,`critical_count` decimal(23,0)
,`expired_count` decimal(23,0)
,`deposits_required_count` decimal(23,0)
,`deposits_paid_count` decimal(23,0)
,`total_deposits_amount` decimal(32,2)
,`reminders_sent_count` decimal(23,0)
,`total_value` decimal(32,2)
,`average_booking_value` decimal(14,6)
,`unique_rooms_booked` bigint
);

--
-- Indexes for dumped tables
--

--
-- Indexes for table `about_us`
--
ALTER TABLE `about_us`
  ADD PRIMARY KEY (`id`),
  ADD KEY `idx_section_type` (`section_type`),
  ADD KEY `idx_display_order` (`display_order`),
  ADD KEY `idx_is_active` (`is_active`);

--
-- Indexes for table `admin_activity_log`
--
ALTER TABLE `admin_activity_log`
  ADD PRIMARY KEY (`id`),
  ADD KEY `idx_user_id` (`user_id`),
  ADD KEY `idx_action` (`action`),
  ADD KEY `idx_created_at` (`created_at`);

--
-- Indexes for table `admin_users`
--
ALTER TABLE `admin_users`
  ADD PRIMARY KEY (`id`),
  ADD UNIQUE KEY `username` (`username`),
  ADD UNIQUE KEY `email` (`email`);

--
-- Indexes for table `api_keys`
--
ALTER TABLE `api_keys`
  ADD PRIMARY KEY (`id`),
  ADD UNIQUE KEY `api_key` (`api_key`),
  ADD KEY `idx_client_name` (`client_name`),
  ADD KEY `idx_is_active` (`is_active`),
  ADD KEY `idx_last_used` (`last_used_at`);

--
-- Indexes for table `api_usage_logs`
--
ALTER TABLE `api_usage_logs`
  ADD PRIMARY KEY (`id`),
  ADD KEY `idx_api_key_id` (`api_key_id`),
  ADD KEY `idx_endpoint` (`endpoint`),
  ADD KEY `idx_created_at` (`created_at`);

--
-- Indexes for table `bookings`
--
ALTER TABLE `bookings`
  ADD PRIMARY KEY (`id`),
  ADD UNIQUE KEY `booking_reference` (`booking_reference`),
  ADD KEY `idx_booking_ref` (`booking_reference`),
  ADD KEY `idx_room_id` (`room_id`),
  ADD KEY `idx_guest_email` (`guest_email`),
  ADD KEY `idx_status` (`status`),
  ADD KEY `idx_dates` (`check_in_date`,`check_out_date`),
  ADD KEY `idx_payment_status` (`payment_status`),
  ADD KEY `idx_expires_at` (`expires_at`),
  ADD KEY `idx_tentative_bookings` (`status`,`expires_at`),
  ADD KEY `idx_tentative_expires` (`tentative_expires_at`,`status`),
  ADD KEY `idx_is_tentative` (`is_tentative`,`status`);

--
-- Indexes for table `booking_notes`
--
ALTER TABLE `booking_notes`
  ADD PRIMARY KEY (`id`),
  ADD KEY `idx_booking_id` (`booking_id`),
  ADD KEY `idx_created_by` (`created_by`);

--
-- Indexes for table `cancellation_log`
--
ALTER TABLE `cancellation_log`
  ADD PRIMARY KEY (`id`),
  ADD KEY `idx_booking_id` (`booking_id`),
  ADD KEY `idx_booking_reference` (`booking_reference`),
  ADD KEY `idx_cancellation_date` (`cancellation_date`),
  ADD KEY `idx_booking_type` (`booking_type`);

--
-- Indexes for table `conference_inquiries`
--
ALTER TABLE `conference_inquiries`
  ADD PRIMARY KEY (`id`),
  ADD UNIQUE KEY `inquiry_reference` (`inquiry_reference`),
  ADD KEY `idx_conference_inquiry_date` (`event_date`,`status`);

--
-- Indexes for table `conference_rooms`
--
ALTER TABLE `conference_rooms`
  ADD PRIMARY KEY (`id`),
  ADD KEY `idx_conference_room_active` (`is_active`,`display_order`);

--
-- Indexes for table `cookie_consent_log`
--
ALTER TABLE `cookie_consent_log`
  ADD PRIMARY KEY (`id`),
  ADD KEY `idx_created` (`created_at`);

--
-- Indexes for table `drink_menu`
--
ALTER TABLE `drink_menu`
  ADD PRIMARY KEY (`id`),
  ADD KEY `category` (`category`),
  ADD KEY `is_available` (`is_available`),
  ADD KEY `is_featured` (`is_featured`);

--
-- Indexes for table `email_settings`
--
ALTER TABLE `email_settings`
  ADD PRIMARY KEY (`id`),
  ADD UNIQUE KEY `setting_key` (`setting_key`),
  ADD KEY `setting_group` (`setting_group`);

--
-- Indexes for table `events`
--
ALTER TABLE `events`
  ADD PRIMARY KEY (`id`),
  ADD KEY `idx_events_date` (`event_date`,`is_active`),
  ADD KEY `idx_events_featured` (`is_featured`,`is_active`);

--
-- Indexes for table `facilities`
--
ALTER TABLE `facilities`
  ADD PRIMARY KEY (`id`),
  ADD UNIQUE KEY `slug` (`slug`),
  ADD KEY `idx_facilities_featured` (`is_featured`,`is_active`);

--
-- Indexes for table `food_menu`
--
ALTER TABLE `food_menu`
  ADD PRIMARY KEY (`id`),
  ADD KEY `category` (`category`),
  ADD KEY `is_available` (`is_available`),
  ADD KEY `is_featured` (`is_featured`);

--
-- Indexes for table `footer_links`
--
ALTER TABLE `footer_links`
  ADD PRIMARY KEY (`id`);

--
-- Indexes for table `gallery`
--
ALTER TABLE `gallery`
  ADD PRIMARY KEY (`id`),
  ADD KEY `room_id` (`room_id`);

--
-- Indexes for table `gym_classes`
--
ALTER TABLE `gym_classes`
  ADD PRIMARY KEY (`id`);

--
-- Indexes for table `gym_content`
--
ALTER TABLE `gym_content`
  ADD PRIMARY KEY (`id`);

--
-- Indexes for table `gym_facilities`
--
ALTER TABLE `gym_facilities`
  ADD PRIMARY KEY (`id`);

--
-- Indexes for table `gym_features`
--
ALTER TABLE `gym_features`
  ADD PRIMARY KEY (`id`);

--
-- Indexes for table `gym_inquiries`
--
ALTER TABLE `gym_inquiries`
  ADD PRIMARY KEY (`id`),
  ADD UNIQUE KEY `ref_number` (`reference_number`),
  ADD KEY `idx_status` (`status`),
  ADD KEY `idx_created_at` (`created_at`),
  ADD KEY `idx_email` (`email`);

--
-- Indexes for table `gym_packages`
--
ALTER TABLE `gym_packages`
  ADD PRIMARY KEY (`id`);

--
-- Indexes for table `hero_slides`
--
ALTER TABLE `hero_slides`
  ADD PRIMARY KEY (`id`);

--
-- Indexes for table `hotel_gallery`
--
ALTER TABLE `hotel_gallery`
  ADD PRIMARY KEY (`id`),
  ADD KEY `idx_active_order` (`is_active`,`display_order`);

--
-- Indexes for table `menu_categories`
--
ALTER TABLE `menu_categories`
  ADD PRIMARY KEY (`id`),
  ADD UNIQUE KEY `slug` (`slug`);

--
-- Indexes for table `migration_log`
--
ALTER TABLE `migration_log`
  ADD PRIMARY KEY (`migration_id`),
  ADD UNIQUE KEY `idx_migration_name` (`migration_name`),
  ADD KEY `idx_migration_date` (`migration_date`),
  ADD KEY `idx_status` (`status`);

--
-- Indexes for table `newsletter_subscribers`
--
ALTER TABLE `newsletter_subscribers`
  ADD PRIMARY KEY (`id`),
  ADD UNIQUE KEY `email` (`email`);

--
-- Indexes for table `page_heroes`
--
ALTER TABLE `page_heroes`
  ADD PRIMARY KEY (`id`),
  ADD UNIQUE KEY `page_slug` (`page_slug`),
  ADD UNIQUE KEY `page_url` (`page_url`),
  ADD KEY `idx_page_heroes_active_order` (`is_active`,`display_order`);

--
-- Indexes for table `page_loaders`
--
ALTER TABLE `page_loaders`
  ADD PRIMARY KEY (`id`),
  ADD UNIQUE KEY `page_slug` (`page_slug`);

--
-- Indexes for table `password_resets`
--
ALTER TABLE `password_resets`
  ADD PRIMARY KEY (`id`),
  ADD KEY `idx_token` (`token`),
  ADD KEY `idx_user_id` (`user_id`);

--
-- Indexes for table `payments`
--
ALTER TABLE `payments`
  ADD PRIMARY KEY (`id`),
  ADD UNIQUE KEY `payment_reference` (`payment_reference`),
  ADD UNIQUE KEY `receipt_number` (`receipt_number`),
  ADD KEY `idx_booking_type_id` (`booking_type`,`booking_id`),
  ADD KEY `idx_payment_date` (`payment_date`),
  ADD KEY `idx_payment_status` (`payment_status`),
  ADD KEY `idx_recorded_by` (`recorded_by`),
  ADD KEY `idx_conference_id` (`conference_id`);

--
-- Indexes for table `policies`
--
ALTER TABLE `policies`
  ADD PRIMARY KEY (`id`),
  ADD UNIQUE KEY `slug` (`slug`);

--
-- Indexes for table `restaurant_gallery`
--
ALTER TABLE `restaurant_gallery`
  ADD PRIMARY KEY (`id`);

--
-- Indexes for table `reviews`
--
ALTER TABLE `reviews`
  ADD PRIMARY KEY (`id`),
  ADD KEY `idx_room_id` (`room_id`),
  ADD KEY `idx_booking_id` (`booking_id`),
  ADD KEY `idx_status` (`status`),
  ADD KEY `idx_guest_email` (`guest_email`),
  ADD KEY `idx_rating` (`rating`),
  ADD KEY `idx_created_at` (`created_at`);

--
-- Indexes for table `review_responses`
--
ALTER TABLE `review_responses`
  ADD PRIMARY KEY (`id`),
  ADD KEY `idx_review_id` (`review_id`),
  ADD KEY `idx_admin_id` (`admin_id`),
  ADD KEY `idx_created_at` (`created_at`);

--
-- Indexes for table `rooms`
--
ALTER TABLE `rooms`
  ADD PRIMARY KEY (`id`),
  ADD UNIQUE KEY `slug` (`slug`),
  ADD KEY `idx_rooms_featured` (`is_featured`,`is_active`),
  ADD KEY `idx_rooms_price` (`price_per_night`);

--
-- Indexes for table `room_blocked_dates`
--
ALTER TABLE `room_blocked_dates`
  ADD PRIMARY KEY (`id`),
  ADD KEY `idx_room_date` (`room_id`,`block_date`),
  ADD KEY `idx_block_date` (`block_date`),
  ADD KEY `idx_block_type` (`block_type`),
  ADD KEY `idx_created_at` (`created_at`),
  ADD KEY `fk_blocked_admin` (`created_by`);

--
-- Indexes for table `section_headers`
--
ALTER TABLE `section_headers`
  ADD PRIMARY KEY (`id`),
  ADD UNIQUE KEY `unique_section` (`section_key`,`page`),
  ADD KEY `idx_page` (`page`),
  ADD KEY `idx_active` (`is_active`);

--
-- Indexes for table `session_logs`
--
ALTER TABLE `session_logs`
  ADD PRIMARY KEY (`id`),
  ADD UNIQUE KEY `uq_session_id` (`session_id`),
  ADD KEY `idx_sl_session` (`session_id`),
  ADD KEY `idx_sl_ip` (`ip_address`),
  ADD KEY `idx_sl_start` (`session_start`),
  ADD KEY `idx_sl_device` (`device_type`);

--
-- Indexes for table `site_pages`
--
ALTER TABLE `site_pages`
  ADD PRIMARY KEY (`id`),
  ADD UNIQUE KEY `page_key` (`page_key`),
  ADD KEY `idx_enabled_nav` (`is_enabled`,`show_in_nav`,`nav_position`);

--
-- Indexes for table `site_settings`
--
ALTER TABLE `site_settings`
  ADD PRIMARY KEY (`id`),
  ADD UNIQUE KEY `setting_key` (`setting_key`);

--
-- Indexes for table `site_visitors`
--
ALTER TABLE `site_visitors`
  ADD PRIMARY KEY (`id`),
  ADD KEY `idx_session` (`session_id`),
  ADD KEY `idx_ip` (`ip_address`),
  ADD KEY `idx_created` (`created_at`),
  ADD KEY `idx_page` (`page_url`(191)),
  ADD KEY `idx_device` (`device_type`);

--
-- Indexes for table `tentative_booking_log`
--
ALTER TABLE `tentative_booking_log`
  ADD PRIMARY KEY (`id`),
  ADD KEY `idx_booking_id` (`booking_id`),
  ADD KEY `idx_action` (`action`),
  ADD KEY `idx_created_at` (`created_at`),
  ADD KEY `performed_by` (`performed_by`);

--
-- Indexes for table `testimonials`
--
ALTER TABLE `testimonials`
  ADD PRIMARY KEY (`id`),
  ADD KEY `idx_testimonials_featured` (`is_featured`,`is_approved`);

--
-- Indexes for table `user_permissions`
--
ALTER TABLE `user_permissions`
  ADD PRIMARY KEY (`id`),
  ADD UNIQUE KEY `unique_user_perm` (`user_id`,`permission_key`);

--
-- AUTO_INCREMENT for dumped tables
--

--
-- AUTO_INCREMENT for table `about_us`
--
ALTER TABLE `about_us`
  MODIFY `id` int NOT NULL AUTO_INCREMENT, AUTO_INCREMENT=10;

--
-- AUTO_INCREMENT for table `admin_activity_log`
--
ALTER TABLE `admin_activity_log`
  MODIFY `id` int UNSIGNED NOT NULL AUTO_INCREMENT, AUTO_INCREMENT=13;

--
-- AUTO_INCREMENT for table `admin_users`
--
ALTER TABLE `admin_users`
  MODIFY `id` int UNSIGNED NOT NULL AUTO_INCREMENT, AUTO_INCREMENT=3;

--
-- AUTO_INCREMENT for table `api_keys`
--
ALTER TABLE `api_keys`
  MODIFY `id` int UNSIGNED NOT NULL AUTO_INCREMENT, AUTO_INCREMENT=2;

--
-- AUTO_INCREMENT for table `api_usage_logs`
--
ALTER TABLE `api_usage_logs`
  MODIFY `id` int UNSIGNED NOT NULL AUTO_INCREMENT;

--
-- AUTO_INCREMENT for table `bookings`
--
ALTER TABLE `bookings`
  MODIFY `id` int UNSIGNED NOT NULL AUTO_INCREMENT, AUTO_INCREMENT=29;

--
-- AUTO_INCREMENT for table `booking_notes`
--
ALTER TABLE `booking_notes`
  MODIFY `id` int UNSIGNED NOT NULL AUTO_INCREMENT, AUTO_INCREMENT=2;

--
-- AUTO_INCREMENT for table `cancellation_log`
--
ALTER TABLE `cancellation_log`
  MODIFY `id` int NOT NULL AUTO_INCREMENT;

--
-- AUTO_INCREMENT for table `conference_inquiries`
--
ALTER TABLE `conference_inquiries`
  MODIFY `id` int NOT NULL AUTO_INCREMENT, AUTO_INCREMENT=5;

--
-- AUTO_INCREMENT for table `conference_rooms`
--
ALTER TABLE `conference_rooms`
  MODIFY `id` int NOT NULL AUTO_INCREMENT, AUTO_INCREMENT=7;

--
-- AUTO_INCREMENT for table `cookie_consent_log`
--
ALTER TABLE `cookie_consent_log`
  MODIFY `id` int UNSIGNED NOT NULL AUTO_INCREMENT, AUTO_INCREMENT=4;

--
-- AUTO_INCREMENT for table `drink_menu`
--
ALTER TABLE `drink_menu`
  MODIFY `id` int NOT NULL AUTO_INCREMENT, AUTO_INCREMENT=192;

--
-- AUTO_INCREMENT for table `email_settings`
--
ALTER TABLE `email_settings`
  MODIFY `id` int NOT NULL AUTO_INCREMENT, AUTO_INCREMENT=149;

--
-- AUTO_INCREMENT for table `events`
--
ALTER TABLE `events`
  MODIFY `id` int NOT NULL AUTO_INCREMENT, AUTO_INCREMENT=11;

--
-- AUTO_INCREMENT for table `facilities`
--
ALTER TABLE `facilities`
  MODIFY `id` int NOT NULL AUTO_INCREMENT, AUTO_INCREMENT=7;

--
-- AUTO_INCREMENT for table `food_menu`
--
ALTER TABLE `food_menu`
  MODIFY `id` int NOT NULL AUTO_INCREMENT, AUTO_INCREMENT=96;

--
-- AUTO_INCREMENT for table `footer_links`
--
ALTER TABLE `footer_links`
  MODIFY `id` int NOT NULL AUTO_INCREMENT, AUTO_INCREMENT=14;

--
-- AUTO_INCREMENT for table `gallery`
--
ALTER TABLE `gallery`
  MODIFY `id` int NOT NULL AUTO_INCREMENT, AUTO_INCREMENT=44;

--
-- AUTO_INCREMENT for table `gym_classes`
--
ALTER TABLE `gym_classes`
  MODIFY `id` int NOT NULL AUTO_INCREMENT, AUTO_INCREMENT=17;

--
-- AUTO_INCREMENT for table `gym_content`
--
ALTER TABLE `gym_content`
  MODIFY `id` int NOT NULL AUTO_INCREMENT, AUTO_INCREMENT=5;

--
-- AUTO_INCREMENT for table `gym_facilities`
--
ALTER TABLE `gym_facilities`
  MODIFY `id` int NOT NULL AUTO_INCREMENT, AUTO_INCREMENT=25;

--
-- AUTO_INCREMENT for table `gym_features`
--
ALTER TABLE `gym_features`
  MODIFY `id` int NOT NULL AUTO_INCREMENT, AUTO_INCREMENT=17;

--
-- AUTO_INCREMENT for table `gym_inquiries`
--
ALTER TABLE `gym_inquiries`
  MODIFY `id` int NOT NULL AUTO_INCREMENT, AUTO_INCREMENT=6;

--
-- AUTO_INCREMENT for table `gym_packages`
--
ALTER TABLE `gym_packages`
  MODIFY `id` int NOT NULL AUTO_INCREMENT, AUTO_INCREMENT=10;

--
-- AUTO_INCREMENT for table `hero_slides`
--
ALTER TABLE `hero_slides`
  MODIFY `id` int NOT NULL AUTO_INCREMENT, AUTO_INCREMENT=17;

--
-- AUTO_INCREMENT for table `hotel_gallery`
--
ALTER TABLE `hotel_gallery`
  MODIFY `id` int UNSIGNED NOT NULL AUTO_INCREMENT, AUTO_INCREMENT=9;

--
-- AUTO_INCREMENT for table `menu_categories`
--
ALTER TABLE `menu_categories`
  MODIFY `id` int NOT NULL AUTO_INCREMENT, AUTO_INCREMENT=19;

--
-- AUTO_INCREMENT for table `migration_log`
--
ALTER TABLE `migration_log`
  MODIFY `migration_id` int UNSIGNED NOT NULL AUTO_INCREMENT, AUTO_INCREMENT=9;

--
-- AUTO_INCREMENT for table `newsletter_subscribers`
--
ALTER TABLE `newsletter_subscribers`
  MODIFY `id` int NOT NULL AUTO_INCREMENT;

--
-- AUTO_INCREMENT for table `page_heroes`
--
ALTER TABLE `page_heroes`
  MODIFY `id` int NOT NULL AUTO_INCREMENT, AUTO_INCREMENT=8;

--
-- AUTO_INCREMENT for table `page_loaders`
--
ALTER TABLE `page_loaders`
  MODIFY `id` int NOT NULL AUTO_INCREMENT, AUTO_INCREMENT=9;

--
-- AUTO_INCREMENT for table `password_resets`
--
ALTER TABLE `password_resets`
  MODIFY `id` int UNSIGNED NOT NULL AUTO_INCREMENT, AUTO_INCREMENT=2;

--
-- AUTO_INCREMENT for table `payments`
--
ALTER TABLE `payments`
  MODIFY `id` int UNSIGNED NOT NULL AUTO_INCREMENT, AUTO_INCREMENT=10;

--
-- AUTO_INCREMENT for table `policies`
--
ALTER TABLE `policies`
  MODIFY `id` int NOT NULL AUTO_INCREMENT, AUTO_INCREMENT=5;

--
-- AUTO_INCREMENT for table `restaurant_gallery`
--
ALTER TABLE `restaurant_gallery`
  MODIFY `id` int NOT NULL AUTO_INCREMENT, AUTO_INCREMENT=31;

--
-- AUTO_INCREMENT for table `reviews`
--
ALTER TABLE `reviews`
  MODIFY `id` int NOT NULL AUTO_INCREMENT, AUTO_INCREMENT=7;

--
-- AUTO_INCREMENT for table `review_responses`
--
ALTER TABLE `review_responses`
  MODIFY `id` int NOT NULL AUTO_INCREMENT, AUTO_INCREMENT=3;

--
-- AUTO_INCREMENT for table `rooms`
--
ALTER TABLE `rooms`
  MODIFY `id` int NOT NULL AUTO_INCREMENT, AUTO_INCREMENT=7;

--
-- AUTO_INCREMENT for table `room_blocked_dates`
--
ALTER TABLE `room_blocked_dates`
  MODIFY `id` int NOT NULL AUTO_INCREMENT, AUTO_INCREMENT=23;

--
-- AUTO_INCREMENT for table `section_headers`
--
ALTER TABLE `section_headers`
  MODIFY `id` int NOT NULL AUTO_INCREMENT, AUTO_INCREMENT=34;

--
-- AUTO_INCREMENT for table `session_logs`
--
ALTER TABLE `session_logs`
  MODIFY `id` int UNSIGNED NOT NULL AUTO_INCREMENT, AUTO_INCREMENT=7;

--
-- AUTO_INCREMENT for table `site_pages`
--
ALTER TABLE `site_pages`
  MODIFY `id` int NOT NULL AUTO_INCREMENT, AUTO_INCREMENT=9;

--
-- AUTO_INCREMENT for table `site_settings`
--
ALTER TABLE `site_settings`
  MODIFY `id` int NOT NULL AUTO_INCREMENT, AUTO_INCREMENT=283;

--
-- AUTO_INCREMENT for table `site_visitors`
--
ALTER TABLE `site_visitors`
  MODIFY `id` int UNSIGNED NOT NULL AUTO_INCREMENT, AUTO_INCREMENT=7;

--
-- AUTO_INCREMENT for table `tentative_booking_log`
--
ALTER TABLE `tentative_booking_log`
  MODIFY `id` int UNSIGNED NOT NULL AUTO_INCREMENT, AUTO_INCREMENT=6;

--
-- AUTO_INCREMENT for table `testimonials`
--
ALTER TABLE `testimonials`
  MODIFY `id` int NOT NULL AUTO_INCREMENT, AUTO_INCREMENT=4;

--
-- AUTO_INCREMENT for table `user_permissions`
--
ALTER TABLE `user_permissions`
  MODIFY `id` int UNSIGNED NOT NULL AUTO_INCREMENT, AUTO_INCREMENT=21;

-- --------------------------------------------------------

--
-- Structure for view `v_active_tentative_bookings`
--
DROP TABLE IF EXISTS `v_active_tentative_bookings`;

CREATE ALGORITHM=UNDEFINED DEFINER=`p601229`@`localhost` SQL SECURITY DEFINER VIEW `v_active_tentative_bookings`  AS SELECT `b`.`id` AS `id`, `b`.`booking_reference` AS `booking_reference`, `b`.`room_id` AS `room_id`, `r`.`name` AS `room_name`, `r`.`slug` AS `room_slug`, `r`.`price_per_night` AS `price_per_night`, `b`.`guest_name` AS `guest_name`, `b`.`guest_email` AS `guest_email`, `b`.`guest_phone` AS `guest_phone`, `b`.`check_in_date` AS `check_in_date`, `b`.`check_out_date` AS `check_out_date`, `b`.`number_of_nights` AS `number_of_nights`, `b`.`total_amount` AS `total_amount`, `b`.`status` AS `status`, `b`.`is_tentative` AS `is_tentative`, `b`.`tentative_expires_at` AS `tentative_expires_at`, `b`.`deposit_required` AS `deposit_required`, `b`.`deposit_amount` AS `deposit_amount`, `b`.`deposit_paid` AS `deposit_paid`, `b`.`reminder_sent` AS `reminder_sent`, `b`.`reminder_sent_at` AS `reminder_sent_at`, `b`.`created_at` AS `created_at`, `b`.`tentative_notes` AS `tentative_notes`, timestampdiff(HOUR,now(),`b`.`tentative_expires_at`) AS `hours_until_expiration`, (case when (`b`.`tentative_expires_at` < now()) then 'expired' when (`b`.`tentative_expires_at` <= (now() + interval 24 hour)) then 'critical' when (`b`.`tentative_expires_at` <= (now() + interval 48 hour)) then 'warning' else 'active' end) AS `expiration_status` FROM (`bookings` `b` left join `rooms` `r` on((`b`.`room_id` = `r`.`id`))) WHERE ((`b`.`is_tentative` = 1) AND (`b`.`status` = 'tentative') AND (`b`.`tentative_expires_at` is not null)) ORDER BY `b`.`tentative_expires_at` ASC ;

-- --------------------------------------------------------

--
-- Structure for view `v_tentative_booking_stats`
--
DROP TABLE IF EXISTS `v_tentative_booking_stats`;

CREATE ALGORITHM=UNDEFINED DEFINER=`p601229`@`localhost` SQL SECURITY DEFINER VIEW `v_tentative_booking_stats`  AS SELECT count(0) AS `total_tentative_bookings`, sum((case when (`v_active_tentative_bookings`.`expiration_status` = 'active') then 1 else 0 end)) AS `active_count`, sum((case when (`v_active_tentative_bookings`.`expiration_status` = 'warning') then 1 else 0 end)) AS `warning_count`, sum((case when (`v_active_tentative_bookings`.`expiration_status` = 'critical') then 1 else 0 end)) AS `critical_count`, sum((case when (`v_active_tentative_bookings`.`expiration_status` = 'expired') then 1 else 0 end)) AS `expired_count`, sum((case when (`v_active_tentative_bookings`.`deposit_required` = 1) then 1 else 0 end)) AS `deposits_required_count`, sum((case when (`v_active_tentative_bookings`.`deposit_paid` = 1) then 1 else 0 end)) AS `deposits_paid_count`, sum(`v_active_tentative_bookings`.`deposit_amount`) AS `total_deposits_amount`, sum((case when (`v_active_tentative_bookings`.`reminder_sent` = 1) then 1 else 0 end)) AS `reminders_sent_count`, sum(`v_active_tentative_bookings`.`total_amount`) AS `total_value`, avg(`v_active_tentative_bookings`.`total_amount`) AS `average_booking_value`, count(distinct `v_active_tentative_bookings`.`room_id`) AS `unique_rooms_booked` FROM `v_active_tentative_bookings` ;

--
-- Constraints for dumped tables
--

--
-- Constraints for table `api_usage_logs`
--
ALTER TABLE `api_usage_logs`
  ADD CONSTRAINT `fk_api_usage_logs_api_key_id` FOREIGN KEY (`api_key_id`) REFERENCES `api_keys` (`id`) ON DELETE CASCADE;

--
-- Constraints for table `gallery`
--
ALTER TABLE `gallery`
  ADD CONSTRAINT `gallery_ibfk_1` FOREIGN KEY (`room_id`) REFERENCES `rooms` (`id`) ON DELETE CASCADE;

--
-- Constraints for table `password_resets`
--
ALTER TABLE `password_resets`
  ADD CONSTRAINT `fk_password_resets_user` FOREIGN KEY (`user_id`) REFERENCES `admin_users` (`id`) ON DELETE CASCADE;

--
-- Constraints for table `payments`
--
ALTER TABLE `payments`
  ADD CONSTRAINT `fk_payments_admin` FOREIGN KEY (`recorded_by`) REFERENCES `admin_users` (`id`) ON DELETE SET NULL;

--
-- Constraints for table `reviews`
--
ALTER TABLE `reviews`
  ADD CONSTRAINT `fk_reviews_booking_id` FOREIGN KEY (`booking_id`) REFERENCES `bookings` (`id`) ON DELETE SET NULL ON UPDATE CASCADE,
  ADD CONSTRAINT `fk_reviews_room_id` FOREIGN KEY (`room_id`) REFERENCES `rooms` (`id`) ON DELETE SET NULL ON UPDATE CASCADE;

--
-- Constraints for table `review_responses`
--
ALTER TABLE `review_responses`
  ADD CONSTRAINT `fk_review_responses_admin_id` FOREIGN KEY (`admin_id`) REFERENCES `admin_users` (`id`) ON DELETE SET NULL ON UPDATE CASCADE,
  ADD CONSTRAINT `fk_review_responses_review_id` FOREIGN KEY (`review_id`) REFERENCES `reviews` (`id`) ON DELETE CASCADE ON UPDATE CASCADE;

--
-- Constraints for table `room_blocked_dates`
--
ALTER TABLE `room_blocked_dates`
  ADD CONSTRAINT `fk_blocked_admin` FOREIGN KEY (`created_by`) REFERENCES `admin_users` (`id`) ON DELETE SET NULL,
  ADD CONSTRAINT `fk_blocked_room` FOREIGN KEY (`room_id`) REFERENCES `rooms` (`id`) ON DELETE CASCADE;

--
-- Constraints for table `tentative_booking_log`
--
ALTER TABLE `tentative_booking_log`
  ADD CONSTRAINT `tentative_booking_log_ibfk_1` FOREIGN KEY (`booking_id`) REFERENCES `bookings` (`id`) ON DELETE CASCADE,
  ADD CONSTRAINT `tentative_booking_log_ibfk_2` FOREIGN KEY (`performed_by`) REFERENCES `admin_users` (`id`) ON DELETE SET NULL;

--
-- Constraints for table `user_permissions`
--
ALTER TABLE `user_permissions`
  ADD CONSTRAINT `user_permissions_ibfk_1` FOREIGN KEY (`user_id`) REFERENCES `admin_users` (`id`) ON DELETE CASCADE;
COMMIT;

/*!40101 SET CHARACTER_SET_CLIENT=@OLD_CHARACTER_SET_CLIENT */;
/*!40101 SET CHARACTER_SET_RESULTS=@OLD_CHARACTER_SET_RESULTS */;
/*!40101 SET COLLATION_CONNECTION=@OLD_COLLATION_CONNECTION */;
